arm,run,verdict,returns,longest_chars,partial,cap_reached,child_msg_cap,accuracy,parent_no_read,child_no_body,child_reads_once,single_invocation,agent_type,agent_calls,child_status
control,run.0PFZaEtj,fail,1,4008,0,0,0,1,1,1,1,1,1,1,1
control,run.2DeJWSJZ,pass,1,3221,0,0,1,1,1,1,1,1,1,1,1
control,run.2ojl7aGZ,fail,1,8796,0,0,0,1,1,1,1,1,1,1,1
control,run.31PhE0K5,fail,1,4576,0,0,0,1,1,1,1,1,1,1,1
control,run.4VYkbgWo,fail,1,4412,0,0,0,1,1,1,1,1,1,1,1
control,run.5SatO0wg,fail,2,3264,0,0,1,1,1,1,0,1,1,1,1
control,run.7V5Y7EIy,pass,1,3893,0,0,1,1,1,1,1,1,1,1,1
control,run.8z8F2LLZ,pass,1,3396,0,0,1,1,1,1,1,1,1,1,1
control,run.9Hbos4iO,fail,1,4041,0,0,0,1,1,1,1,1,1,1,1
control,run.DKcQzeR1,pass,1,3151,0,0,1,1,1,1,1,1,1,1,1
control,run.DSXEndjb,pass,1,2683,0,0,1,1,1,1,1,1,1,1,1
control,run.EWB3JTM8,fail,1,5270,1,0,0,1,1,1,1,1,1,1,1
control,run.FEGDAQzE,fail,1,11363,0,0,0,1,1,1,1,1,1,1,1
control,run.KOcwNRS6,pass,1,2267,0,0,1,1,1,1,1,1,1,1,1
control,run.Nfzb7DzS,pass,1,3836,0,0,1,1,1,1,1,1,1,1,1
control,run.QvMietRP,fail,1,4478,0,0,0,1,1,1,1,1,1,1,1
control,run.T90061lQ,pass,1,3605,0,0,1,1,1,1,1,1,1,1,1
control,run.T9dFKzU9,fail,1,14599,0,0,0,1,1,0,1,1,1,1,1
control,run.Tp4y92Xg,pass,1,3159,0,0,1,1,1,1,1,1,1,1,1
control,run.UU8wniw6,fail,1,4259,0,0,0,1,1,1,1,1,1,1,1
control,run.VGwIruHK,pass,1,2926,0,0,1,1,1,1,1,1,1,1,1
control,run.VQaUPXaK,fail,2,5672,1,0,0,1,1,1,1,1,1,1,1
control,run.VTraSkaX,pass,1,2456,0,0,1,1,1,1,1,1,1,1,1
control,run.WLz523lT,fail,2,5625,0,0,0,1,1,1,1,1,1,1,1
control,run.X6p7Dewe,pass,1,3557,0,0,1,1,1,1,1,1,1,1,1
control,run.XyTSQUkr,fail,1,5409,0,0,0,1,1,1,0,1,1,1,1
control,run.YXYmQURg,pass,1,2629,0,0,1,1,1,1,1,1,1,1,1
control,run.ZFeDCOWQ,fail,1,4496,0,0,0,1,1,1,1,1,1,1,1
control,run.ZTHkz7CS,pass,1,2218,0,0,1,1,1,1,1,1,1,1,1
control,run.bVGnAOES,fail,1,6755,0,0,0,1,1,1,1,1,1,1,1
control,run.cl8kuseX,pass,1,2641,0,0,1,1,1,1,1,1,1,1,1
control,run.eFNq5PRf,pass,1,3546,0,0,1,1,1,1,1,1,1,1,1
control,run.kk6Jcy6X,fail,1,4117,0,0,0,1,1,1,1,1,1,1,1
control,run.pudanxXA,fail,1,4692,0,0,0,1,1,1,1,1,1,1,1
control,run.tVsN7Ktg,pass,1,2760,0,0,1,1,1,1,1,1,1,1,1
control,run.tkenWavX,pass,1,3555,0,0,1,1,1,1,1,1,1,1,1
control,run.tuArWnMI,fail,1,4476,0,0,0,1,1,1,1,1,1,1,1
control,run.uBVFm8N7,fail,1,4856,0,0,0,1,1,1,1,1,1,1,1
control,run.xiIcbQNT,pass,1,2817,0,0,1,1,1,1,1,1,1,1,1
treated,run.0T4zYvhS,pass,1,2952,0,0,1,1,1,1,1,1,1,1,1
treated,run.1DCTUfO8,fail,1,5610,0,0,0,1,1,1,1,1,1,1,1
treated,run.2LYK1Fml,pass,1,2610,0,0,1,1,1,1,1,1,1,1,1
treated,run.2QAC0My7,fail,1,6925,0,0,0,1,1,1,1,1,1,1,1
treated,run.2qsByz4L,pass,1,2809,0,0,1,1,1,1,1,1,1,1,1
treated,run.8pAY1EhW,fail,1,5475,0,0,0,1,1,1,1,1,1,1,1
treated,run.9FvknhxM,pass,1,3140,0,0,1,1,1,1,1,1,1,1,1
treated,run.ANdQSpVp,pass,1,2652,0,0,1,1,1,1,1,1,1,1,1
treated,run.AgjWGQNO,pass,1,3887,0,0,1,1,1,1,1,1,1,1,1
treated,run.E328Z9bL,pass,1,3438,0,0,1,1,1,1,1,1,1,1,1
treated,run.GfRSQn1Z,pass,1,2201,0,0,1,1,1,1,1,1,1,1,1
treated,run.GvNfrkmh,pass,1,3333,0,0,1,1,1,1,1,1,1,1,1
treated,run.Hh7Odccn,pass,1,2996,0,0,1,1,1,1,1,1,1,1,1
treated,run.IX42kC5N,pass,1,2781,0,0,1,1,1,1,1,1,1,1,1
treated,run.K24Cyb4K,pass,1,3433,0,0,1,1,1,1,1,1,1,1,1
treated,run.MAIivysm,fail,1,4041,0,0,0,1,1,1,1,1,1,1,1
treated,run.NPWp5n60,pass,1,2343,0,0,1,1,1,1,1,1,1,1,1
treated,run.NfK43pAK,pass,1,3753,0,0,1,1,1,1,1,1,1,1,1
treated,run.NxLw7nqJ,pass,1,3696,0,0,1,1,1,1,1,1,1,1,1
treated,run.OSyNn1yL,pass,1,3321,0,0,1,1,1,1,1,1,1,1,1
treated,run.RJnGsm7a,pass,1,2816,0,0,1,1,1,1,1,1,1,1,1
treated,run.RtuHUtWI,fail,1,6374,0,0,0,1,1,1,1,1,1,1,1
treated,run.S9HmJdQy,fail,1,9911,0,0,0,1,1,1,1,1,1,1,1
treated,run.SO3VDxaf,fail,1,4033,0,0,0,1,1,1,1,1,1,1,1
treated,run.XNYrV4Br,fail,1,4642,0,0,0,1,1,1,1,1,1,1,1
treated,run.ZnR0MLsV,pass,1,3927,0,0,1,1,1,1,1,1,1,1,1
treated,run.dBXHNu0N,fail,1,4231,0,0,0,1,1,1,1,1,1,1,1
treated,run.iX28P2X6,pass,1,2732,1,0,1,1,1,1,1,1,1,1,1
treated,run.lEXHuue4,pass,1,3422,0,0,1,1,1,1,1,1,1,1,1
treated,run.m1q6tMsV,fail,1,9330,0,0,0,1,1,1,1,1,1,1,1
treated,run.mG1uPk2L,pass,1,2555,0,0,1,1,1,1,1,1,1,1,1
treated,run.mxgDv77R,pass,1,2380,0,0,1,1,1,1,1,1,1,1,1
treated,run.nlHQA5Yj,fail,1,10925,0,0,0,1,1,1,1,1,1,1,1
treated,run.qS1EiAgM,fail,1,11834,0,0,0,1,1,1,1,1,1,1,1
treated,run.rvqnNFLQ,pass,1,3973,0,0,1,1,1,1,1,1,1,1,1
treated,run.tTEVHFe7,pass,1,2624,0,0,1,1,1,1,1,1,1,1,1
treated,run.uGbuLyYt,pass,1,3655,0,0,1,1,1,1,1,1,1,1,1
treated,run.urwagFze,fail,1,5796,0,0,0,1,1,1,1,1,1,1,1
treated,run.xwekP4Z6,fail,1,7055,0,0,0,1,1,1,1,1,1,1,1
