run,conversation,file_path,reads,sliced_reads,bytes
run.1Hi8Wx8z,django-subthreshold-cost.direct.jsonl,/tmp/ts-cost/evals/compare/tmp/runs/run.1Hi8Wx8z/work/fixtures/django/django/core/management/commands/showmigrations.py,1,0,7451
run.1Hi8Wx8z,django-subthreshold-cost.direct.jsonl,/tmp/ts-cost/evals/compare/tmp/runs/run.1Hi8Wx8z/work/fixtures/django/django/db/migrations/graph.py,1,0,14283
run.1Hi8Wx8z,django-subthreshold-cost.direct.jsonl,/tmp/ts-cost/evals/compare/tmp/runs/run.1Hi8Wx8z/work/fixtures/django/django/db/migrations/recorder.py,1,0,4167
run.2esIbpIc,django-subthreshold-cost.direct.jsonl,/tmp/ts-cost/evals/compare/tmp/runs/run.2esIbpIc/work/fixtures/django/django/core/management/commands/showmigrations.py,1,0,7451
run.2esIbpIc,django-subthreshold-cost.direct.jsonl,/tmp/ts-cost/evals/compare/tmp/runs/run.2esIbpIc/work/fixtures/django/django/db/migrations/graph.py,1,0,14283
run.2esIbpIc,django-subthreshold-cost.direct.jsonl,/tmp/ts-cost/evals/compare/tmp/runs/run.2esIbpIc/work/fixtures/django/django/db/migrations/recorder.py,1,0,4167
run.2gXhO3lK,django-multiturn-context.direct.jsonl,/tmp/ts-multiturn/evals/compare/tmp/runs/run.2gXhO3lK/work/fixtures/django/django/core/management/commands/showmigrations.py,1,0,7451
run.2gXhO3lK,django-multiturn-context.direct.jsonl,/tmp/ts-multiturn/evals/compare/tmp/runs/run.2gXhO3lK/work/fixtures/django/django/db/migrations/graph.py,1,0,14283
run.2gXhO3lK,django-multiturn-context.direct.jsonl,/tmp/ts-multiturn/evals/compare/tmp/runs/run.2gXhO3lK/work/fixtures/django/django/db/migrations/migration.py,1,0,10619
run.2gXhO3lK,django-multiturn-context.direct.jsonl,/tmp/ts-multiturn/evals/compare/tmp/runs/run.2gXhO3lK/work/fixtures/django/django/db/migrations/operations/special.py,1,0,8706
run.2gXhO3lK,django-multiturn-context.direct.jsonl,/tmp/ts-multiturn/evals/compare/tmp/runs/run.2gXhO3lK/work/fixtures/django/django/db/migrations/recorder.py,1,0,4167
run.2gXhO3lK,django-multiturn-context.direct.jsonl,/tmp/ts-multiturn/evals/compare/tmp/runs/run.2gXhO3lK/work/fixtures/django/django/db/migrations/writer.py,1,0,12773
run.7lXdnQAm,django-subthreshold-cost.direct.jsonl,/tmp/ts-cost/evals/compare/tmp/runs/run.7lXdnQAm/work/fixtures/django/django/core/management/commands/showmigrations.py,1,0,7451
run.7lXdnQAm,django-subthreshold-cost.direct.jsonl,/tmp/ts-cost/evals/compare/tmp/runs/run.7lXdnQAm/work/fixtures/django/django/db/migrations/graph.py,1,0,14283
run.7lXdnQAm,django-subthreshold-cost.direct.jsonl,/tmp/ts-cost/evals/compare/tmp/runs/run.7lXdnQAm/work/fixtures/django/django/db/migrations/recorder.py,1,0,4167
run.8D4rlHam,django-subthreshold-cost.direct.jsonl,/tmp/ts-cost/evals/compare/tmp/runs/run.8D4rlHam/work/fixtures/django/django/core/management/commands/showmigrations.py,1,0,7451
run.8D4rlHam,django-subthreshold-cost.direct.jsonl,/tmp/ts-cost/evals/compare/tmp/runs/run.8D4rlHam/work/fixtures/django/django/db/migrations/graph.py,1,0,14283
run.8D4rlHam,django-subthreshold-cost.direct.jsonl,/tmp/ts-cost/evals/compare/tmp/runs/run.8D4rlHam/work/fixtures/django/django/db/migrations/recorder.py,1,0,4167
run.A3bAnx2t,django-subthreshold-cost.direct.jsonl,/tmp/ts-cost/evals/compare/tmp/runs/run.A3bAnx2t/work/fixtures/django/django/core/management/commands/showmigrations.py,1,0,7451
run.A3bAnx2t,django-subthreshold-cost.direct.jsonl,/tmp/ts-cost/evals/compare/tmp/runs/run.A3bAnx2t/work/fixtures/django/django/db/migrations/graph.py,1,0,14283
run.A3bAnx2t,django-subthreshold-cost.direct.jsonl,/tmp/ts-cost/evals/compare/tmp/runs/run.A3bAnx2t/work/fixtures/django/django/db/migrations/recorder.py,1,0,4167
run.BlFx27pa,django-multiturn-context.direct.jsonl,/tmp/ts-multiturn/evals/compare/tmp/runs/run.BlFx27pa/work/fixtures/django/django/core/management/commands/showmigrations.py,1,0,7451
run.BlFx27pa,django-multiturn-context.direct.jsonl,/tmp/ts-multiturn/evals/compare/tmp/runs/run.BlFx27pa/work/fixtures/django/django/db/migrations/graph.py,1,0,14283
run.BlFx27pa,django-multiturn-context.direct.jsonl,/tmp/ts-multiturn/evals/compare/tmp/runs/run.BlFx27pa/work/fixtures/django/django/db/migrations/operations/special.py,1,1,3823
run.BlFx27pa,django-multiturn-context.direct.jsonl,/tmp/ts-multiturn/evals/compare/tmp/runs/run.BlFx27pa/work/fixtures/django/django/db/migrations/recorder.py,1,0,4167
run.BxVuqESi,django-subthreshold-cost.direct.jsonl,/tmp/ts-cost/evals/compare/tmp/runs/run.BxVuqESi/work/fixtures/django/django/core/management/commands/showmigrations.py,1,0,7451
run.BxVuqESi,django-subthreshold-cost.direct.jsonl,/tmp/ts-cost/evals/compare/tmp/runs/run.BxVuqESi/work/fixtures/django/django/db/migrations/graph.py,1,0,14283
run.BxVuqESi,django-subthreshold-cost.direct.jsonl,/tmp/ts-cost/evals/compare/tmp/runs/run.BxVuqESi/work/fixtures/django/django/db/migrations/recorder.py,1,0,4167
run.F3e7rHkH,django-subthreshold-cost.direct.jsonl,/tmp/ts-cost/evals/compare/tmp/runs/run.F3e7rHkH/work/fixtures/django/django/core/management/commands/showmigrations.py,1,0,7451
run.F3e7rHkH,django-subthreshold-cost.direct.jsonl,/tmp/ts-cost/evals/compare/tmp/runs/run.F3e7rHkH/work/fixtures/django/django/db/migrations/graph.py,1,0,14283
run.F3e7rHkH,django-subthreshold-cost.direct.jsonl,/tmp/ts-cost/evals/compare/tmp/runs/run.F3e7rHkH/work/fixtures/django/django/db/migrations/recorder.py,1,0,4167
run.FUjNlKA7,django-multiturn-context.direct.jsonl,/tmp/ts-multiturn/evals/compare/tmp/runs/run.FUjNlKA7/work/fixtures/django/django/core/management/commands/showmigrations.py,1,0,7451
run.FUjNlKA7,django-multiturn-context.direct.jsonl,/tmp/ts-multiturn/evals/compare/tmp/runs/run.FUjNlKA7/work/fixtures/django/django/db/migrations/graph.py,1,0,14283
run.FUjNlKA7,django-multiturn-context.direct.jsonl,/tmp/ts-multiturn/evals/compare/tmp/runs/run.FUjNlKA7/work/fixtures/django/django/db/migrations/migration.py,1,0,10619
run.FUjNlKA7,django-multiturn-context.direct.jsonl,/tmp/ts-multiturn/evals/compare/tmp/runs/run.FUjNlKA7/work/fixtures/django/django/db/migrations/operations/special.py,1,0,8706
run.FUjNlKA7,django-multiturn-context.direct.jsonl,/tmp/ts-multiturn/evals/compare/tmp/runs/run.FUjNlKA7/work/fixtures/django/django/db/migrations/recorder.py,1,0,4167
run.FUjNlKA7,django-multiturn-context.direct.jsonl,/tmp/ts-multiturn/evals/compare/tmp/runs/run.FUjNlKA7/work/fixtures/django/django/db/migrations/writer.py,1,0,12773
run.If4riePD,django-subthreshold-cost.direct.jsonl,/tmp/ts-cost/evals/compare/tmp/runs/run.If4riePD/work/fixtures/django/django/core/management/commands/showmigrations.py,1,0,7451
run.If4riePD,django-subthreshold-cost.direct.jsonl,/tmp/ts-cost/evals/compare/tmp/runs/run.If4riePD/work/fixtures/django/django/db/migrations/graph.py,1,0,14283
run.If4riePD,django-subthreshold-cost.direct.jsonl,/tmp/ts-cost/evals/compare/tmp/runs/run.If4riePD/work/fixtures/django/django/db/migrations/recorder.py,1,0,4167
run.KcQwo2EH,django-subthreshold-cost.direct.jsonl,/tmp/ts-cost/evals/compare/tmp/runs/run.KcQwo2EH/work/fixtures/django/django/core/management/commands/showmigrations.py,1,0,7451
run.KcQwo2EH,django-subthreshold-cost.direct.jsonl,/tmp/ts-cost/evals/compare/tmp/runs/run.KcQwo2EH/work/fixtures/django/django/db/migrations/graph.py,1,0,14283
run.KcQwo2EH,django-subthreshold-cost.direct.jsonl,/tmp/ts-cost/evals/compare/tmp/runs/run.KcQwo2EH/work/fixtures/django/django/db/migrations/recorder.py,1,0,4167
run.L1DqGoOV,django-multiturn-context.direct.jsonl,/tmp/ts-multiturn/evals/compare/tmp/runs/run.L1DqGoOV/work/fixtures/django/django/core/management/commands/showmigrations.py,1,0,7451
run.L1DqGoOV,django-multiturn-context.direct.jsonl,/tmp/ts-multiturn/evals/compare/tmp/runs/run.L1DqGoOV/work/fixtures/django/django/db/migrations/graph.py,1,0,14283
run.L1DqGoOV,django-multiturn-context.direct.jsonl,/tmp/ts-multiturn/evals/compare/tmp/runs/run.L1DqGoOV/work/fixtures/django/django/db/migrations/operations/special.py,1,1,5569
run.L1DqGoOV,django-multiturn-context.direct.jsonl,/tmp/ts-multiturn/evals/compare/tmp/runs/run.L1DqGoOV/work/fixtures/django/django/db/migrations/recorder.py,1,0,4167
run.L1DqGoOV,django-multiturn-context.direct.jsonl,/tmp/ts-multiturn/evals/compare/tmp/runs/run.L1DqGoOV/work/fixtures/django/django/db/migrations/writer.py,1,1,1773
run.LzD4LMHQ,django-subthreshold-cost.direct.jsonl,/tmp/ts-cost/evals/compare/tmp/runs/run.LzD4LMHQ/work/fixtures/django/django/core/management/commands/showmigrations.py,1,0,7451
run.LzD4LMHQ,django-subthreshold-cost.direct.jsonl,/tmp/ts-cost/evals/compare/tmp/runs/run.LzD4LMHQ/work/fixtures/django/django/db/migrations/graph.py,1,0,14283
run.LzD4LMHQ,django-subthreshold-cost.direct.jsonl,/tmp/ts-cost/evals/compare/tmp/runs/run.LzD4LMHQ/work/fixtures/django/django/db/migrations/recorder.py,1,0,4167
run.MVTAsLKt,django-subthreshold-cost.direct.jsonl,/tmp/ts-cost/evals/compare/tmp/runs/run.MVTAsLKt/work/fixtures/django/django/core/management/commands/showmigrations.py,1,0,7451
run.MVTAsLKt,django-subthreshold-cost.direct.jsonl,/tmp/ts-cost/evals/compare/tmp/runs/run.MVTAsLKt/work/fixtures/django/django/db/migrations/graph.py,1,0,14283
run.MVTAsLKt,django-subthreshold-cost.direct.jsonl,/tmp/ts-cost/evals/compare/tmp/runs/run.MVTAsLKt/work/fixtures/django/django/db/migrations/recorder.py,1,0,4167
run.NPuU0z6A,django-subthreshold-cost.direct.jsonl,/tmp/ts-cost/evals/compare/tmp/runs/run.NPuU0z6A/work/fixtures/django/django/core/management/commands/showmigrations.py,1,0,7451
run.NPuU0z6A,django-subthreshold-cost.direct.jsonl,/tmp/ts-cost/evals/compare/tmp/runs/run.NPuU0z6A/work/fixtures/django/django/db/migrations/graph.py,1,0,14283
run.NPuU0z6A,django-subthreshold-cost.direct.jsonl,/tmp/ts-cost/evals/compare/tmp/runs/run.NPuU0z6A/work/fixtures/django/django/db/migrations/recorder.py,1,0,4167
run.NXQaYmAd,django-subthreshold-cost.direct.jsonl,/tmp/ts-cost/evals/compare/tmp/runs/run.NXQaYmAd/work/fixtures/django/django/core/management/commands/showmigrations.py,1,0,7451
run.NXQaYmAd,django-subthreshold-cost.direct.jsonl,/tmp/ts-cost/evals/compare/tmp/runs/run.NXQaYmAd/work/fixtures/django/django/db/migrations/graph.py,1,0,14283
run.NXQaYmAd,django-subthreshold-cost.direct.jsonl,/tmp/ts-cost/evals/compare/tmp/runs/run.NXQaYmAd/work/fixtures/django/django/db/migrations/recorder.py,1,0,4167
run.QIn0oNkg,django-subthreshold-cost.direct.jsonl,/tmp/ts-cost/evals/compare/tmp/runs/run.QIn0oNkg/work/fixtures/django/django/core/management/commands/showmigrations.py,1,0,7451
run.QIn0oNkg,django-subthreshold-cost.direct.jsonl,/tmp/ts-cost/evals/compare/tmp/runs/run.QIn0oNkg/work/fixtures/django/django/db/migrations/graph.py,1,0,14283
run.QIn0oNkg,django-subthreshold-cost.direct.jsonl,/tmp/ts-cost/evals/compare/tmp/runs/run.QIn0oNkg/work/fixtures/django/django/db/migrations/recorder.py,1,0,4167
run.R6GCjOSW,django-subthreshold-cost.direct.jsonl,/tmp/ts-cost/evals/compare/tmp/runs/run.R6GCjOSW/work/fixtures/django/django/core/management/commands/showmigrations.py,1,0,7451
run.R6GCjOSW,django-subthreshold-cost.direct.jsonl,/tmp/ts-cost/evals/compare/tmp/runs/run.R6GCjOSW/work/fixtures/django/django/db/migrations/graph.py,1,0,14283
run.R6GCjOSW,django-subthreshold-cost.direct.jsonl,/tmp/ts-cost/evals/compare/tmp/runs/run.R6GCjOSW/work/fixtures/django/django/db/migrations/recorder.py,1,0,4167
run.RD9O4LNI,django-subthreshold-cost.direct.jsonl,/tmp/ts-cost/evals/compare/tmp/runs/run.RD9O4LNI/work/fixtures/django/django/core/management/commands/showmigrations.py,1,0,7451
run.RD9O4LNI,django-subthreshold-cost.direct.jsonl,/tmp/ts-cost/evals/compare/tmp/runs/run.RD9O4LNI/work/fixtures/django/django/db/migrations/graph.py,1,0,14283
run.RD9O4LNI,django-subthreshold-cost.direct.jsonl,/tmp/ts-cost/evals/compare/tmp/runs/run.RD9O4LNI/work/fixtures/django/django/db/migrations/recorder.py,1,0,4167
run.UWDv1roq,django-multiturn-context.direct.jsonl,/tmp/ts-multiturn/evals/compare/tmp/runs/run.UWDv1roq/work/fixtures/django/django/core/management/commands/showmigrations.py,1,0,7451
run.UWDv1roq,django-multiturn-context.direct.jsonl,/tmp/ts-multiturn/evals/compare/tmp/runs/run.UWDv1roq/work/fixtures/django/django/db/migrations/graph.py,1,0,14283
run.UWDv1roq,django-multiturn-context.direct.jsonl,/tmp/ts-multiturn/evals/compare/tmp/runs/run.UWDv1roq/work/fixtures/django/django/db/migrations/migration.py,1,0,10619
run.UWDv1roq,django-multiturn-context.direct.jsonl,/tmp/ts-multiturn/evals/compare/tmp/runs/run.UWDv1roq/work/fixtures/django/django/db/migrations/operations/special.py,1,0,8706
run.UWDv1roq,django-multiturn-context.direct.jsonl,/tmp/ts-multiturn/evals/compare/tmp/runs/run.UWDv1roq/work/fixtures/django/django/db/migrations/recorder.py,1,0,4167
run.UWDv1roq,django-multiturn-context.direct.jsonl,/tmp/ts-multiturn/evals/compare/tmp/runs/run.UWDv1roq/work/fixtures/django/django/db/migrations/writer.py,1,0,12773
run.Uj6yO7We,django-multiturn-context.direct.jsonl,/tmp/ts-multiturn/evals/compare/tmp/runs/run.Uj6yO7We/work/fixtures/django/django/core/management/commands/showmigrations.py,1,0,7451
run.Uj6yO7We,django-multiturn-context.direct.jsonl,/tmp/ts-multiturn/evals/compare/tmp/runs/run.Uj6yO7We/work/fixtures/django/django/db/migrations/graph.py,1,0,14283
run.Uj6yO7We,django-multiturn-context.direct.jsonl,/tmp/ts-multiturn/evals/compare/tmp/runs/run.Uj6yO7We/work/fixtures/django/django/db/migrations/recorder.py,1,0,4167
run.Uj6yO7We,django-multiturn-context.direct.jsonl,/tmp/ts-multiturn/evals/compare/tmp/runs/run.Uj6yO7We/work/fixtures/django/django/db/migrations/writer.py,1,1,1773
run.VtMrJBSI,django-subthreshold-cost.direct.jsonl,/tmp/ts-cost/evals/compare/tmp/runs/run.VtMrJBSI/work/fixtures/django/django/core/management/commands/showmigrations.py,1,0,7451
run.VtMrJBSI,django-subthreshold-cost.direct.jsonl,/tmp/ts-cost/evals/compare/tmp/runs/run.VtMrJBSI/work/fixtures/django/django/db/migrations/graph.py,1,0,14283
run.VtMrJBSI,django-subthreshold-cost.direct.jsonl,/tmp/ts-cost/evals/compare/tmp/runs/run.VtMrJBSI/work/fixtures/django/django/db/migrations/recorder.py,1,0,4167
run.VwFxLSdp,django-multiturn-context.direct.jsonl,/tmp/ts-multiturn/evals/compare/tmp/runs/run.VwFxLSdp/work/fixtures/django/django/core/management/commands/showmigrations.py,1,0,7451
run.VwFxLSdp,django-multiturn-context.direct.jsonl,/tmp/ts-multiturn/evals/compare/tmp/runs/run.VwFxLSdp/work/fixtures/django/django/db/migrations/graph.py,1,0,14283
run.VwFxLSdp,django-multiturn-context.direct.jsonl,/tmp/ts-multiturn/evals/compare/tmp/runs/run.VwFxLSdp/work/fixtures/django/django/db/migrations/migration.py,1,0,10619
run.VwFxLSdp,django-multiturn-context.direct.jsonl,/tmp/ts-multiturn/evals/compare/tmp/runs/run.VwFxLSdp/work/fixtures/django/django/db/migrations/operations/special.py,1,0,8706
run.VwFxLSdp,django-multiturn-context.direct.jsonl,/tmp/ts-multiturn/evals/compare/tmp/runs/run.VwFxLSdp/work/fixtures/django/django/db/migrations/recorder.py,1,0,4167
run.VwFxLSdp,django-multiturn-context.direct.jsonl,/tmp/ts-multiturn/evals/compare/tmp/runs/run.VwFxLSdp/work/fixtures/django/django/db/migrations/writer.py,1,0,12773
run.XEvGQraU,django-subthreshold-cost.direct.jsonl,/tmp/ts-cost/evals/compare/tmp/runs/run.XEvGQraU/work/fixtures/django/django/core/management/commands/showmigrations.py,1,0,7451
run.XEvGQraU,django-subthreshold-cost.direct.jsonl,/tmp/ts-cost/evals/compare/tmp/runs/run.XEvGQraU/work/fixtures/django/django/db/migrations/graph.py,1,0,14283
run.XEvGQraU,django-subthreshold-cost.direct.jsonl,/tmp/ts-cost/evals/compare/tmp/runs/run.XEvGQraU/work/fixtures/django/django/db/migrations/recorder.py,1,0,4167
run.Xst2jt1G,django-subthreshold-cost.direct.jsonl,/tmp/ts-cost/evals/compare/tmp/runs/run.Xst2jt1G/work/fixtures/django/django/core/management/commands/showmigrations.py,1,0,7451
run.Xst2jt1G,django-subthreshold-cost.direct.jsonl,/tmp/ts-cost/evals/compare/tmp/runs/run.Xst2jt1G/work/fixtures/django/django/db/migrations/graph.py,1,0,14283
run.Xst2jt1G,django-subthreshold-cost.direct.jsonl,/tmp/ts-cost/evals/compare/tmp/runs/run.Xst2jt1G/work/fixtures/django/django/db/migrations/recorder.py,1,0,4167
run.azevMjZY,django-subthreshold-cost.direct.jsonl,/tmp/ts-cost/evals/compare/tmp/runs/run.azevMjZY/work/fixtures/django/django/core/management/commands/showmigrations.py,1,0,7451
run.azevMjZY,django-subthreshold-cost.direct.jsonl,/tmp/ts-cost/evals/compare/tmp/runs/run.azevMjZY/work/fixtures/django/django/db/migrations/graph.py,1,0,14283
run.azevMjZY,django-subthreshold-cost.direct.jsonl,/tmp/ts-cost/evals/compare/tmp/runs/run.azevMjZY/work/fixtures/django/django/db/migrations/recorder.py,1,0,4167
run.bD9ibJ4z,django-subthreshold-cost.direct.jsonl,/tmp/ts-cost/evals/compare/tmp/runs/run.bD9ibJ4z/work/fixtures/django/django/core/management/commands/showmigrations.py,1,0,7451
run.bD9ibJ4z,django-subthreshold-cost.direct.jsonl,/tmp/ts-cost/evals/compare/tmp/runs/run.bD9ibJ4z/work/fixtures/django/django/db/migrations/graph.py,1,0,14283
run.bD9ibJ4z,django-subthreshold-cost.direct.jsonl,/tmp/ts-cost/evals/compare/tmp/runs/run.bD9ibJ4z/work/fixtures/django/django/db/migrations/recorder.py,1,0,4167
run.c7IWaIpa,django-subthreshold-cost.direct.jsonl,/tmp/ts-cost/evals/compare/tmp/runs/run.c7IWaIpa/work/fixtures/django/django/core/management/commands/showmigrations.py,1,0,7451
run.c7IWaIpa,django-subthreshold-cost.direct.jsonl,/tmp/ts-cost/evals/compare/tmp/runs/run.c7IWaIpa/work/fixtures/django/django/db/migrations/graph.py,1,0,14283
run.c7IWaIpa,django-subthreshold-cost.direct.jsonl,/tmp/ts-cost/evals/compare/tmp/runs/run.c7IWaIpa/work/fixtures/django/django/db/migrations/recorder.py,1,0,4167
run.dJ45MgnP,django-subthreshold-cost.direct.jsonl,/tmp/ts-cost/evals/compare/tmp/runs/run.dJ45MgnP/work/fixtures/django/django/core/management/commands/showmigrations.py,1,0,7451
run.dJ45MgnP,django-subthreshold-cost.direct.jsonl,/tmp/ts-cost/evals/compare/tmp/runs/run.dJ45MgnP/work/fixtures/django/django/db/migrations/graph.py,1,0,14283
run.dJ45MgnP,django-subthreshold-cost.direct.jsonl,/tmp/ts-cost/evals/compare/tmp/runs/run.dJ45MgnP/work/fixtures/django/django/db/migrations/recorder.py,1,0,4167
run.evObSvPG,django-multiturn-context.direct.jsonl,/tmp/ts-multiturn/evals/compare/tmp/runs/run.evObSvPG/work/fixtures/django/django/core/management/commands/showmigrations.py,1,0,7451
run.evObSvPG,django-multiturn-context.direct.jsonl,/tmp/ts-multiturn/evals/compare/tmp/runs/run.evObSvPG/work/fixtures/django/django/db/migrations/graph.py,1,0,14283
run.evObSvPG,django-multiturn-context.direct.jsonl,/tmp/ts-multiturn/evals/compare/tmp/runs/run.evObSvPG/work/fixtures/django/django/db/migrations/migration.py,1,0,10619
run.evObSvPG,django-multiturn-context.direct.jsonl,/tmp/ts-multiturn/evals/compare/tmp/runs/run.evObSvPG/work/fixtures/django/django/db/migrations/operations/special.py,1,0,8706
run.evObSvPG,django-multiturn-context.direct.jsonl,/tmp/ts-multiturn/evals/compare/tmp/runs/run.evObSvPG/work/fixtures/django/django/db/migrations/recorder.py,1,0,4167
run.evObSvPG,django-multiturn-context.direct.jsonl,/tmp/ts-multiturn/evals/compare/tmp/runs/run.evObSvPG/work/fixtures/django/django/db/migrations/writer.py,1,0,12773
run.f6F7JTHs,django-subthreshold-cost.direct.jsonl,/tmp/ts-cost/evals/compare/tmp/runs/run.f6F7JTHs/work/fixtures/django/django/core/management/commands/showmigrations.py,1,0,7451
run.f6F7JTHs,django-subthreshold-cost.direct.jsonl,/tmp/ts-cost/evals/compare/tmp/runs/run.f6F7JTHs/work/fixtures/django/django/db/migrations/graph.py,1,0,14283
run.f6F7JTHs,django-subthreshold-cost.direct.jsonl,/tmp/ts-cost/evals/compare/tmp/runs/run.f6F7JTHs/work/fixtures/django/django/db/migrations/recorder.py,1,0,4167
run.gpcQz8Ia,django-subthreshold-cost.direct.jsonl,/tmp/ts-cost/evals/compare/tmp/runs/run.gpcQz8Ia/work/fixtures/django/django/core/management/commands/showmigrations.py,1,0,7451
run.gpcQz8Ia,django-subthreshold-cost.direct.jsonl,/tmp/ts-cost/evals/compare/tmp/runs/run.gpcQz8Ia/work/fixtures/django/django/db/migrations/graph.py,1,0,14283
run.gpcQz8Ia,django-subthreshold-cost.direct.jsonl,/tmp/ts-cost/evals/compare/tmp/runs/run.gpcQz8Ia/work/fixtures/django/django/db/migrations/recorder.py,1,0,4167
run.gyiPA7Zl,django-multiturn-context.direct.jsonl,/tmp/ts-multiturn/evals/compare/tmp/runs/run.gyiPA7Zl/work/fixtures/django/django/core/management/commands/showmigrations.py,1,0,7451
run.gyiPA7Zl,django-multiturn-context.direct.jsonl,/tmp/ts-multiturn/evals/compare/tmp/runs/run.gyiPA7Zl/work/fixtures/django/django/db/migrations/graph.py,1,0,14283
run.gyiPA7Zl,django-multiturn-context.direct.jsonl,/tmp/ts-multiturn/evals/compare/tmp/runs/run.gyiPA7Zl/work/fixtures/django/django/db/migrations/recorder.py,1,0,4167
run.hiusl6C9,django-multiturn-context.direct.jsonl,/tmp/ts-multiturn/evals/compare/tmp/runs/run.hiusl6C9/work/fixtures/django/django/core/management/commands/showmigrations.py,1,0,7451
run.hiusl6C9,django-multiturn-context.direct.jsonl,/tmp/ts-multiturn/evals/compare/tmp/runs/run.hiusl6C9/work/fixtures/django/django/db/migrations/graph.py,1,0,14283
run.hiusl6C9,django-multiturn-context.direct.jsonl,/tmp/ts-multiturn/evals/compare/tmp/runs/run.hiusl6C9/work/fixtures/django/django/db/migrations/migration.py,1,0,10619
run.hiusl6C9,django-multiturn-context.direct.jsonl,/tmp/ts-multiturn/evals/compare/tmp/runs/run.hiusl6C9/work/fixtures/django/django/db/migrations/operations/special.py,1,0,8706
run.hiusl6C9,django-multiturn-context.direct.jsonl,/tmp/ts-multiturn/evals/compare/tmp/runs/run.hiusl6C9/work/fixtures/django/django/db/migrations/recorder.py,1,0,4167
run.hiusl6C9,django-multiturn-context.direct.jsonl,/tmp/ts-multiturn/evals/compare/tmp/runs/run.hiusl6C9/work/fixtures/django/django/db/migrations/writer.py,1,0,12773
run.jSVx3yom,django-subthreshold-cost.direct.jsonl,/tmp/ts-cost/evals/compare/tmp/runs/run.jSVx3yom/work/fixtures/django/django/core/management/commands/showmigrations.py,1,0,7451
run.jSVx3yom,django-subthreshold-cost.direct.jsonl,/tmp/ts-cost/evals/compare/tmp/runs/run.jSVx3yom/work/fixtures/django/django/db/migrations/graph.py,1,0,14283
run.jSVx3yom,django-subthreshold-cost.direct.jsonl,/tmp/ts-cost/evals/compare/tmp/runs/run.jSVx3yom/work/fixtures/django/django/db/migrations/recorder.py,1,0,4167
run.jVspyj2N,django-subthreshold-cost.direct.jsonl,/tmp/ts-cost/evals/compare/tmp/runs/run.jVspyj2N/work/fixtures/django/django/core/management/commands/showmigrations.py,1,0,7451
run.jVspyj2N,django-subthreshold-cost.direct.jsonl,/tmp/ts-cost/evals/compare/tmp/runs/run.jVspyj2N/work/fixtures/django/django/db/migrations/graph.py,1,0,14283
run.jVspyj2N,django-subthreshold-cost.direct.jsonl,/tmp/ts-cost/evals/compare/tmp/runs/run.jVspyj2N/work/fixtures/django/django/db/migrations/recorder.py,1,0,4167
run.jkZFgwv1,django-subthreshold-cost.direct.jsonl,/tmp/ts-cost/evals/compare/tmp/runs/run.jkZFgwv1/work/fixtures/django/django/core/management/commands/showmigrations.py,1,0,7451
run.jkZFgwv1,django-subthreshold-cost.direct.jsonl,/tmp/ts-cost/evals/compare/tmp/runs/run.jkZFgwv1/work/fixtures/django/django/db/migrations/graph.py,1,0,14283
run.jkZFgwv1,django-subthreshold-cost.direct.jsonl,/tmp/ts-cost/evals/compare/tmp/runs/run.jkZFgwv1/work/fixtures/django/django/db/migrations/recorder.py,1,0,4167
run.k68qI3yg,django-subthreshold-cost.direct.jsonl,/tmp/ts-cost/evals/compare/tmp/runs/run.k68qI3yg/work/fixtures/django/django/core/management/commands/showmigrations.py,1,0,7451
run.k68qI3yg,django-subthreshold-cost.direct.jsonl,/tmp/ts-cost/evals/compare/tmp/runs/run.k68qI3yg/work/fixtures/django/django/db/migrations/graph.py,1,0,14283
run.k68qI3yg,django-subthreshold-cost.direct.jsonl,/tmp/ts-cost/evals/compare/tmp/runs/run.k68qI3yg/work/fixtures/django/django/db/migrations/recorder.py,1,0,4167
run.kfawSY1b,django-subthreshold-cost.direct.jsonl,/tmp/ts-cost/evals/compare/tmp/runs/run.kfawSY1b/work/fixtures/django/django/core/management/commands/showmigrations.py,1,0,7451
run.kfawSY1b,django-subthreshold-cost.direct.jsonl,/tmp/ts-cost/evals/compare/tmp/runs/run.kfawSY1b/work/fixtures/django/django/db/migrations/graph.py,1,0,14283
run.kfawSY1b,django-subthreshold-cost.direct.jsonl,/tmp/ts-cost/evals/compare/tmp/runs/run.kfawSY1b/work/fixtures/django/django/db/migrations/recorder.py,1,0,4167
run.l2g6bSx5,django-subthreshold-cost.direct.jsonl,/tmp/ts-cost/evals/compare/tmp/runs/run.l2g6bSx5/work/fixtures/django/django/core/management/commands/showmigrations.py,1,0,7451
run.l2g6bSx5,django-subthreshold-cost.direct.jsonl,/tmp/ts-cost/evals/compare/tmp/runs/run.l2g6bSx5/work/fixtures/django/django/db/migrations/graph.py,1,0,14283
run.l2g6bSx5,django-subthreshold-cost.direct.jsonl,/tmp/ts-cost/evals/compare/tmp/runs/run.l2g6bSx5/work/fixtures/django/django/db/migrations/recorder.py,1,0,4167
run.mbEyjHmy,django-multiturn-context.direct.jsonl,/tmp/ts-multiturn/evals/compare/tmp/runs/run.mbEyjHmy/work/fixtures/django/django/core/management/commands/showmigrations.py,1,0,7451
run.mbEyjHmy,django-multiturn-context.direct.jsonl,/tmp/ts-multiturn/evals/compare/tmp/runs/run.mbEyjHmy/work/fixtures/django/django/db/migrations/graph.py,1,0,14283
run.mbEyjHmy,django-multiturn-context.direct.jsonl,/tmp/ts-multiturn/evals/compare/tmp/runs/run.mbEyjHmy/work/fixtures/django/django/db/migrations/migration.py,1,0,10619
run.mbEyjHmy,django-multiturn-context.direct.jsonl,/tmp/ts-multiturn/evals/compare/tmp/runs/run.mbEyjHmy/work/fixtures/django/django/db/migrations/operations/special.py,1,0,8706
run.mbEyjHmy,django-multiturn-context.direct.jsonl,/tmp/ts-multiturn/evals/compare/tmp/runs/run.mbEyjHmy/work/fixtures/django/django/db/migrations/recorder.py,1,0,4167
run.mbEyjHmy,django-multiturn-context.direct.jsonl,/tmp/ts-multiturn/evals/compare/tmp/runs/run.mbEyjHmy/work/fixtures/django/django/db/migrations/writer.py,1,0,12773
run.mp6AcaZe,django-subthreshold-cost.direct.jsonl,/tmp/ts-cost/evals/compare/tmp/runs/run.mp6AcaZe/work/fixtures/django/django/core/management/commands/showmigrations.py,1,0,7451
run.mp6AcaZe,django-subthreshold-cost.direct.jsonl,/tmp/ts-cost/evals/compare/tmp/runs/run.mp6AcaZe/work/fixtures/django/django/db/migrations/graph.py,1,0,14283
run.mp6AcaZe,django-subthreshold-cost.direct.jsonl,/tmp/ts-cost/evals/compare/tmp/runs/run.mp6AcaZe/work/fixtures/django/django/db/migrations/recorder.py,1,0,4167
run.p917Mmnp,django-multiturn-context.direct.jsonl,/tmp/ts-multiturn/evals/compare/tmp/runs/run.p917Mmnp/work/fixtures/django/django/core/management/commands/showmigrations.py,1,0,7451
run.p917Mmnp,django-multiturn-context.direct.jsonl,/tmp/ts-multiturn/evals/compare/tmp/runs/run.p917Mmnp/work/fixtures/django/django/db/migrations/graph.py,1,0,14283
run.p917Mmnp,django-multiturn-context.direct.jsonl,/tmp/ts-multiturn/evals/compare/tmp/runs/run.p917Mmnp/work/fixtures/django/django/db/migrations/migration.py,1,0,10619
run.p917Mmnp,django-multiturn-context.direct.jsonl,/tmp/ts-multiturn/evals/compare/tmp/runs/run.p917Mmnp/work/fixtures/django/django/db/migrations/operations/special.py,1,0,8706
run.p917Mmnp,django-multiturn-context.direct.jsonl,/tmp/ts-multiturn/evals/compare/tmp/runs/run.p917Mmnp/work/fixtures/django/django/db/migrations/recorder.py,1,0,4167
run.p917Mmnp,django-multiturn-context.direct.jsonl,/tmp/ts-multiturn/evals/compare/tmp/runs/run.p917Mmnp/work/fixtures/django/django/db/migrations/writer.py,1,0,12773
run.qNK33FOQ,django-multiturn-context.direct.jsonl,/tmp/ts-multiturn/evals/compare/tmp/runs/run.qNK33FOQ/work/fixtures/django/django/core/management/commands/showmigrations.py,1,0,7451
run.qNK33FOQ,django-multiturn-context.direct.jsonl,/tmp/ts-multiturn/evals/compare/tmp/runs/run.qNK33FOQ/work/fixtures/django/django/db/migrations/graph.py,1,0,14283
run.qNK33FOQ,django-multiturn-context.direct.jsonl,/tmp/ts-multiturn/evals/compare/tmp/runs/run.qNK33FOQ/work/fixtures/django/django/db/migrations/migration.py,1,0,10619
run.qNK33FOQ,django-multiturn-context.direct.jsonl,/tmp/ts-multiturn/evals/compare/tmp/runs/run.qNK33FOQ/work/fixtures/django/django/db/migrations/operations/special.py,1,0,8706
run.qNK33FOQ,django-multiturn-context.direct.jsonl,/tmp/ts-multiturn/evals/compare/tmp/runs/run.qNK33FOQ/work/fixtures/django/django/db/migrations/recorder.py,1,0,4167
run.qNK33FOQ,django-multiturn-context.direct.jsonl,/tmp/ts-multiturn/evals/compare/tmp/runs/run.qNK33FOQ/work/fixtures/django/django/db/migrations/writer.py,1,0,12773
run.rQpSGCzR,django-subthreshold-cost.direct.jsonl,/tmp/ts-cost/evals/compare/tmp/runs/run.rQpSGCzR/work/fixtures/django/django/core/management/commands/showmigrations.py,1,0,7451
run.rQpSGCzR,django-subthreshold-cost.direct.jsonl,/tmp/ts-cost/evals/compare/tmp/runs/run.rQpSGCzR/work/fixtures/django/django/db/migrations/graph.py,1,0,14283
run.rQpSGCzR,django-subthreshold-cost.direct.jsonl,/tmp/ts-cost/evals/compare/tmp/runs/run.rQpSGCzR/work/fixtures/django/django/db/migrations/recorder.py,1,0,4167
run.rhenPGpi,django-subthreshold-cost.direct.jsonl,/tmp/ts-cost/evals/compare/tmp/runs/run.rhenPGpi/work/fixtures/django/django/core/management/commands/showmigrations.py,1,0,7451
run.rhenPGpi,django-subthreshold-cost.direct.jsonl,/tmp/ts-cost/evals/compare/tmp/runs/run.rhenPGpi/work/fixtures/django/django/db/migrations/graph.py,1,0,14283
run.rhenPGpi,django-subthreshold-cost.direct.jsonl,/tmp/ts-cost/evals/compare/tmp/runs/run.rhenPGpi/work/fixtures/django/django/db/migrations/recorder.py,1,0,4167
run.sM7k6XGD,django-multiturn-context.direct.jsonl,/tmp/ts-multiturn/evals/compare/tmp/runs/run.sM7k6XGD/work/fixtures/django/django/core/management/commands/showmigrations.py,1,0,7451
run.sM7k6XGD,django-multiturn-context.direct.jsonl,/tmp/ts-multiturn/evals/compare/tmp/runs/run.sM7k6XGD/work/fixtures/django/django/db/migrations/graph.py,1,0,14283
run.sM7k6XGD,django-multiturn-context.direct.jsonl,/tmp/ts-multiturn/evals/compare/tmp/runs/run.sM7k6XGD/work/fixtures/django/django/db/migrations/migration.py,1,0,10619
run.sM7k6XGD,django-multiturn-context.direct.jsonl,/tmp/ts-multiturn/evals/compare/tmp/runs/run.sM7k6XGD/work/fixtures/django/django/db/migrations/operations/special.py,1,0,8706
run.sM7k6XGD,django-multiturn-context.direct.jsonl,/tmp/ts-multiturn/evals/compare/tmp/runs/run.sM7k6XGD/work/fixtures/django/django/db/migrations/recorder.py,1,0,4167
run.sM7k6XGD,django-multiturn-context.direct.jsonl,/tmp/ts-multiturn/evals/compare/tmp/runs/run.sM7k6XGD/work/fixtures/django/django/db/migrations/writer.py,1,0,12773
run.u2h1vJ8f,django-subthreshold-cost.direct.jsonl,/tmp/ts-cost/evals/compare/tmp/runs/run.u2h1vJ8f/work/fixtures/django/django/core/management/commands/showmigrations.py,1,0,7451
run.u2h1vJ8f,django-subthreshold-cost.direct.jsonl,/tmp/ts-cost/evals/compare/tmp/runs/run.u2h1vJ8f/work/fixtures/django/django/db/migrations/graph.py,1,0,14283
run.u2h1vJ8f,django-subthreshold-cost.direct.jsonl,/tmp/ts-cost/evals/compare/tmp/runs/run.u2h1vJ8f/work/fixtures/django/django/db/migrations/recorder.py,1,0,4167
run.uT9TlF4P,django-subthreshold-cost.direct.jsonl,/tmp/ts-cost/evals/compare/tmp/runs/run.uT9TlF4P/work/fixtures/django/django/core/management/commands/showmigrations.py,1,0,7451
run.uT9TlF4P,django-subthreshold-cost.direct.jsonl,/tmp/ts-cost/evals/compare/tmp/runs/run.uT9TlF4P/work/fixtures/django/django/db/migrations/graph.py,1,0,14283
run.uT9TlF4P,django-subthreshold-cost.direct.jsonl,/tmp/ts-cost/evals/compare/tmp/runs/run.uT9TlF4P/work/fixtures/django/django/db/migrations/recorder.py,1,0,4167
run.uZLcKmxH,django-subthreshold-cost.direct.jsonl,/tmp/ts-cost/evals/compare/tmp/runs/run.uZLcKmxH/work/fixtures/django/django/core/management/commands/showmigrations.py,1,0,7451
run.uZLcKmxH,django-subthreshold-cost.direct.jsonl,/tmp/ts-cost/evals/compare/tmp/runs/run.uZLcKmxH/work/fixtures/django/django/db/migrations/graph.py,1,0,14283
run.uZLcKmxH,django-subthreshold-cost.direct.jsonl,/tmp/ts-cost/evals/compare/tmp/runs/run.uZLcKmxH/work/fixtures/django/django/db/migrations/recorder.py,1,0,4167
run.vvDCknCL,django-subthreshold-cost.direct.jsonl,/tmp/ts-cost/evals/compare/tmp/runs/run.vvDCknCL/work/fixtures/django/django/core/management/commands/showmigrations.py,1,0,7451
run.vvDCknCL,django-subthreshold-cost.direct.jsonl,/tmp/ts-cost/evals/compare/tmp/runs/run.vvDCknCL/work/fixtures/django/django/db/migrations/graph.py,1,0,14283
run.vvDCknCL,django-subthreshold-cost.direct.jsonl,/tmp/ts-cost/evals/compare/tmp/runs/run.vvDCknCL/work/fixtures/django/django/db/migrations/recorder.py,1,0,4167
run.y7SxUQ6Q,django-subthreshold-cost.direct.jsonl,/tmp/ts-cost/evals/compare/tmp/runs/run.y7SxUQ6Q/work/fixtures/django/django/core/management/commands/showmigrations.py,1,0,7451
run.y7SxUQ6Q,django-subthreshold-cost.direct.jsonl,/tmp/ts-cost/evals/compare/tmp/runs/run.y7SxUQ6Q/work/fixtures/django/django/db/migrations/graph.py,1,0,14283
run.y7SxUQ6Q,django-subthreshold-cost.direct.jsonl,/tmp/ts-cost/evals/compare/tmp/runs/run.y7SxUQ6Q/work/fixtures/django/django/db/migrations/recorder.py,1,0,4167
run.zVEos5md,django-subthreshold-cost.direct.jsonl,/tmp/ts-cost/evals/compare/tmp/runs/run.zVEos5md/work/fixtures/django/django/core/management/commands/showmigrations.py,1,0,7451
run.zVEos5md,django-subthreshold-cost.direct.jsonl,/tmp/ts-cost/evals/compare/tmp/runs/run.zVEos5md/work/fixtures/django/django/db/migrations/graph.py,1,0,14283
run.zVEos5md,django-subthreshold-cost.direct.jsonl,/tmp/ts-cost/evals/compare/tmp/runs/run.zVEos5md/work/fixtures/django/django/db/migrations/recorder.py,1,0,4167
run.zWPdvLiE,django-subthreshold-cost.direct.jsonl,/tmp/ts-cost/evals/compare/tmp/runs/run.zWPdvLiE/work/fixtures/django/django/core/management/commands/showmigrations.py,1,0,7451
run.zWPdvLiE,django-subthreshold-cost.direct.jsonl,/tmp/ts-cost/evals/compare/tmp/runs/run.zWPdvLiE/work/fixtures/django/django/db/migrations/graph.py,1,0,14283
run.zWPdvLiE,django-subthreshold-cost.direct.jsonl,/tmp/ts-cost/evals/compare/tmp/runs/run.zWPdvLiE/work/fixtures/django/django/db/migrations/recorder.py,1,0,4167
