run,sendback,fenced,child_no_body_reason,hook_blocked,accuracy_any,child_status,child_msg_cap,status_partial,cost_usd
run.0EqeG22O,off,0,,0,1,1,1,0,0.1037
run.1APnvY2k,on,0,,0,1,1,1,0,0.1070
run.1Suv2WLD,on,0,,0,1,1,1,0,0.1090
run.4TVABr1p,off,0,,0,1,1,1,0,0.0980
run.9SgWvJvw,on,0,,0,1,1,1,0,0.1081
run.BDyOgZbT,off,0,,0,1,1,1,1,0.2423
run.BLQ5BjZv,off,0,,0,1,1,1,0,0.0995
run.CEGzN5bK,off,0,,0,1,1,1,0,0.1309
run.CURMgDOX,on,0,,0,1,1,1,0,0.1062
run.DrfATg7n,off,0,,0,1,1,1,0,0.1049
run.Eb8WBBph,off,0,,0,1,1,1,0,0.1099
run.FFPkmoPv,on,0,,0,1,1,1,0,0.1339
run.FFbfujHX,off,0,,0,1,1,1,0,0.1176
run.HLnYT260,off,0,,0,1,1,1,0,0.0984
run.I49YItfv,off,0,,0,1,1,1,0,0.0875
run.ILhkxf1R,on,0,,0,1,1,1,0,0.1133
run.J2YLVBPj,off,0,,0,1,1,1,0,0.1172
run.JIlqLlu7,on,0,,0,1,1,1,0,0.1018
run.Kyzwt3N4,on,0,,0,1,1,1,0,0.1035
run.L8qZtJKR,on,0,,0,1,1,1,0,0.1052
run.MHVeG8AI,on,0,,0,1,1,1,0,0.1288
run.P9z6L4Vp,off,0,,0,1,1,1,0,0.1263
run.RDfz4kHr,off,0,,0,1,1,1,1,0.1613
run.S50tOp8V,on,0,,0,1,1,1,0,0.1252
run.UurBv8Ja,on,0,,0,1,1,1,0,0.1294
run.VbvmbrRO,on,0,,0,1,1,1,0,0.1250
run.WM14SjLA,on,0,,0,1,1,1,0,0.1190
run.X5pPw0G6,off,0,,0,1,1,1,0,0.1061
run.YUlLFfVs,on,0,,0,1,1,1,0,0.1446
run.YhhV76h3,off,0,,0,1,1,1,0,0.1512
run.b8O5UV86,off,0,,0,1,1,1,0,0.1027
run.dYCTbv4H,on,0,,1,1,1,1,0,0.1048
run.e6ga5Y0M,on,0,,0,1,1,1,0,0.1723
run.h2Ic6NGG,off,0,,0,1,1,1,0,0.0986
run.jb6NuGEU,on,0,,0,1,1,1,0,0.0976
run.nGeZFQ50,on,0,,0,1,1,1,0,0.1021
run.pMDeOtf4,off,1,child_no_body: code fence in child message,0,1,1,1,0,0.1079
run.q8MObaad,on,0,,0,1,1,1,0,0.0936
run.rF0gHgL1,off,0,,0,1,1,1,0,0.1315
run.rehPXAST,off,0,,0,1,1,1,0,0.1398
run.sANxVCC0,on,0,,0,1,1,1,0,0.0999
run.v2MD56tP,off,0,,0,1,1,1,0,0.1214
run.vIDK9vYZ,on,0,,0,1,1,1,0,0.1031
run.wBzvKa9H,off,0,,0,1,1,1,0,0.1277
run.x5wdtHHD,off,0,,0,1,1,1,0,0.1477
run.xxgGKp25,on,0,,0,1,1,1,1,0.1583
run.yr0xcgae,on,0,,0,1,1,1,0,0.1200
run.zWwvZluO,off,0,,0,1,1,1,0,0.1260
