run,case,agent,fenced,child_no_body_reason,accuracy_any,child_status,child_msg_cap,status_partial,cost_usd,isolation_failed
run.1XNHB4oE,compare-explicit-multifile,token-shunt:bulk-reader,0,,1,1,1,0,0.1312,1
run.39ul3blF,redmine-last-query,token-shunt:bulk-reader,0,,1,1,1,0,0.1377,0
run.42TlVKPT,compare-code-writer-no-ref,token-shunt:code-writer,0,,,1,1,1,0.0982,0
run.4B3jWxlB,redmine-last-method,token-shunt:bulk-reader,0,,1,1,1,0,0.1198,1
run.4ynqNvie,reader-bounds,token-shunt:bulk-reader,0,,1,1,1,1,0.1071,0
run.5YyZglim,compare-bulk-facts,token-shunt:bulk-reader,0,,1,1,1,0,0.1139,1
run.5od5qkc9,reader-batch-evidence,token-shunt:bulk-reader,0,,1,1,1,1,0.1568,0
run.67GtOtLd,compare-code-writer-ok,token-shunt:code-writer,0,,,1,1,0,0.1155,0
run.6j93fhqE,compare-edit-dense-lines,token-shunt:bulk-reader,0,,1,1,1,0,0.6721,0
run.7UckMpzu,redmine-last-query,token-shunt:bulk-reader,0,,1,1,1,0,0.1177,0
run.7VgJ3qLD,compare-explicit-multifile,token-shunt:bulk-reader,0,,1,1,1,0,0.1127,1
run.8e0u0F5D,reader-batch-ambiguous,token-shunt:bulk-reader,0,,,1,1,0,0.1774,0
run.8iqGxOP0,redmine-last-user,token-shunt:bulk-reader,0,,1,1,1,0,0.1157,0
run.9GTATltZ,redmine-last-query,token-shunt:bulk-reader,0,,1,1,1,0,0.1362,0
run.9Pgw6UOT,compare-code-writer-no-ref,token-shunt:code-writer,0,,,1,1,1,0.0888,0
run.9WVk1Yrc,redmine-last-helper,token-shunt:bulk-reader,0,,1,1,1,0,0.0990,0
run.9ooxkL0s,redmine-last-helper,token-shunt:bulk-reader,1,child_no_body: code fence in child message,1,1,1,0,0.1161,0
run.AEXbQsHU,auto-bulk-facts,token-shunt:bulk-reader,0,,1,1,1,0,0.1347,1
run.ArGQ2H55,auto-routing-boundary-known-range-deny,token-shunt:bulk-reader,0,,1,1,1,0,0.1071,0
run.BJnfKEuF,redmine-last-query,token-shunt:bulk-reader,0,,1,1,1,0,0.1071,0
run.CRbpNn8c,reader-followup-scope,token-shunt:bulk-reader,0,,,1,1,1,0.2380,0
run.DH6u53C7,redmine-last-journal,token-shunt:bulk-reader,0,,1,1,1,0,0.0858,0
run.DaRy83OJ,compare-bulk-facts,token-shunt:bulk-reader,0,,1,1,1,0,0.1299,1
run.EfxRNIQo,redmine-last-helper,token-shunt:bulk-reader,0,,1,1,1,0,0.1276,0
run.FP9ovT9P,compare-code-writer-no-ref,token-shunt:code-writer,0,,,1,1,1,0.1002,0
run.G65mf03D,compare-bulk-facts,token-shunt:bulk-reader,0,,1,1,1,0,0.3308,1
run.Hc5SXZbe,compare-edit-dense-lines,token-shunt:bulk-reader,0,,1,1,1,0,0.2750,0
run.IwxO68WM,reader-batch-ambiguous,token-shunt:bulk-reader,0,,,1,1,1,0.2538,0
run.J8bYMxcq,compare-bulk-facts,token-shunt:bulk-reader,0,,1,1,1,0,0.1342,1
run.KIfUnNVo,compare-code-writer-ok,token-shunt:code-writer,0,,,1,1,0,0.1696,0
run.KTKgaPSN,redmine-last-method,token-shunt:bulk-reader,0,,1,1,1,0,0.1365,1
run.KvsouKeU,compare-hook-deny-route,token-shunt:bulk-reader,0,,1,1,1,0,0.0906,0
run.LFEsjEDm,compare-code-writer-ok,token-shunt:code-writer,0,,,1,1,0,0.1085,0
run.LpFhSDwN,compare-one-line,token-shunt:bulk-reader,0,,1,1,1,0,0.3087,1
run.MpZcM6Wo,compare-explicit-multifile,token-shunt:bulk-reader,0,,1,1,1,0,0.1195,1
run.NuGgOLLn,reader-batch-ambiguous,token-shunt:bulk-reader,0,,,1,1,0,0.2409,0
run.PIX827OP,redmine-visible-scope,token-shunt:bulk-reader,0,,1,1,1,1,0.1292,1
run.PkfD4HvQ,auto-routing-boundary-known-range-deny,token-shunt:bulk-reader,0,,1,1,1,0,0.1369,0
run.Q0t3VLmE,compare-one-line,token-shunt:bulk-reader,0,,1,1,1,0,0.1467,1
run.QypCjZGo,compare-code-writer-no-ref,token-shunt:code-writer,0,,,1,1,1,0.1206,0
run.RCE0zmrA,auto-routing-boundary-known-range-deny,token-shunt:bulk-reader,0,,1,1,1,0,0.1006,0
run.RKsUyd1N,reader-batch-evidence,token-shunt:bulk-reader,0,,1,1,1,1,0.2071,0
run.RrL4X9Ol,auto-routing-boundary-known-range-deny,token-shunt:bulk-reader,0,,1,1,1,0,0.1004,0
run.SAQaqwvv,redmine-last-user,token-shunt:bulk-reader,0,,1,1,1,0,0.1094,0
run.SY1iZgMy,redmine-last-user,token-shunt:bulk-reader,0,,1,1,1,0,0.0967,0
run.VFID2iEa,reader-followup-scope,token-shunt:bulk-reader,0,,,1,1,1,0.2134,0
run.VZacpTR5,compare-hook-deny-route,token-shunt:bulk-reader,0,,1,1,1,0,0.1092,0
run.VesVvJxw,compare-code-writer-ok,token-shunt:code-writer,0,,,1,1,0,0.1655,0
run.W34dfNlm,redmine-last-helper,token-shunt:bulk-reader,0,,1,1,1,0,0.1167,0
run.WCRhJNyC,compare-one-line,token-shunt:bulk-reader,0,,1,1,1,0,0.2031,1
run.XAuaYW5J,compare-one-line,token-shunt:bulk-reader,0,,1,1,1,0,0.1463,1
run.XYcIzW8w,reader-followup-scope,token-shunt:bulk-reader,0,,,1,1,1,0.1809,0
run.XwMYu5VV,redmine-last-method,token-shunt:bulk-reader,0,,1,1,1,0,0.1107,1
run.YVrpIPGy,compare-bulk-facts,token-shunt:bulk-reader,0,,1,1,1,0,0.1312,1
run.aC9GuWeq,redmine-visible-scope,token-shunt:bulk-reader,0,,1,1,1,1,0.1495,1
run.aXb5IafU,redmine-last-journal,token-shunt:bulk-reader,0,,1,1,1,0,0.1265,0
run.brgy1eUp,compare-code-writer-no-ref,token-shunt:code-writer,0,,,1,1,1,0.1039,0
run.d9AMg234,compare-hook-deny-route,token-shunt:bulk-reader,0,,1,1,1,0,0.0966,0
run.dJju4dlc,reader-bounds,token-shunt:bulk-reader,0,,1,1,1,1,0.1050,0
run.dj8IsXR2,redmine-last-user,token-shunt:bulk-reader,0,,1,1,1,0,0.1243,0
run.dpWd1e23,redmine-last-journal,token-shunt:bulk-reader,0,,1,1,1,0,0.0887,0
run.dwmkjoGM,compare-hook-deny-route,token-shunt:bulk-reader,0,,1,1,1,0,0.0890,0
run.f7Er0mio,compare-hook-deny-route,token-shunt:bulk-reader,0,,1,1,1,0,0.0805,0
run.h9WuRYqU,reader-bounds,token-shunt:bulk-reader,0,,1,1,1,0,0.1220,0
run.jB0JoJN5,redmine-visible-scope,token-shunt:bulk-reader,0,,1,1,1,1,0.1280,1
run.lnDpwiqk,reader-batch-ambiguous,token-shunt:bulk-reader,0,,,1,1,1,0.2128,0
run.mIJwlbDQ,redmine-visible-scope,token-shunt:bulk-reader,0,,1,1,1,1,0.1970,1
run.mOi4bcjR,redmine-last-journal,token-shunt:bulk-reader,0,,1,1,1,0,0.1063,0
run.mUJK57ro,redmine-last-method,token-shunt:bulk-reader,0,,1,1,1,0,0.1189,1
run.nShoUUZx,compare-edit-dense-lines,token-shunt:bulk-reader,0,,1,1,1,0,0.2798,0
run.oXlvHCcf,redmine-last-user,token-shunt:bulk-reader,0,,1,1,1,0,0.1153,0
run.pNOGobSB,reader-batch-ambiguous,token-shunt:bulk-reader,0,,,1,1,1,0.2384,0
run.pxVY5UXi,compare-edit-dense-lines,token-shunt:bulk-reader,0,,1,0,1,0,0.5081,0
run.qAS6AKGX,compare-explicit-multifile,token-shunt:bulk-reader,0,,1,1,1,0,0.1234,1
run.qf7xVy46,compare-code-writer-ok,token-shunt:code-writer,0,,,1,1,0,0.1397,0
run.qoVpPQrU,auto-routing-boundary-known-range-deny,token-shunt:bulk-reader,0,,1,1,1,0,0.1323,0
run.rj5wtzxv,redmine-last-query,token-shunt:bulk-reader,0,,1,1,1,0,0.1103,0
run.txX2YQNG,reader-batch-evidence,token-shunt:bulk-reader,0,,1,1,1,1,0.1582,0
run.u3z78UIx,compare-explicit-multifile,token-shunt:bulk-reader,0,,1,1,1,0,0.1317,1
run.uDcAconr,redmine-last-journal,token-shunt:bulk-reader,0,,1,1,1,0,0.1039,0
run.uIvUD0Jp,reader-batch-evidence,token-shunt:bulk-reader,0,,1,1,1,1,0.1491,0
run.uNHXVAwk,reader-followup-scope,token-shunt:bulk-reader,0,,,1,1,1,0.2532,0
run.v8tzu94O,compare-edit-dense-lines,token-shunt:bulk-reader,0,,1,1,1,0,0.2775,0
run.vFPLOI4n,redmine-last-helper,token-shunt:bulk-reader,0,,1,1,1,0,0.1468,0
run.vdU9M9BO,reader-followup-scope,token-shunt:bulk-reader,0,,,1,1,1,0.2156,0
run.wo4YrWs3,compare-one-line,token-shunt:bulk-reader,0,,1,1,1,0,0.4806,1
run.xKpSHchC,redmine-last-method,token-shunt:bulk-reader,0,,1,1,1,0,0.1500,1
run.xyLBGTlc,reader-bounds,token-shunt:bulk-reader,0,,1,1,1,1,0.1049,0
run.yXo4Xhuw,reader-batch-evidence,token-shunt:bulk-reader,0,,1,1,1,0,0.2162,0
run.z1a8n63M,redmine-visible-scope,token-shunt:bulk-reader,0,,1,1,1,1,0.1546,1
run.zQUbrFSv,reader-bounds,token-shunt:bulk-reader,0,,0,1,1,0,0.1664,0
