block,run,case,turns,parent_reads,parent_bytes,fire_8192,fire_16384,fire_32768,fire_65536
cap-overflow-2026-09-19-transcripts,run.0PFZaEtj,django-subthreshold-bare,1,0,0,0,0,0,0
cap-overflow-2026-09-19-transcripts,run.2DeJWSJZ,django-subthreshold-bare,1,0,0,0,0,0,0
cap-overflow-2026-09-19-transcripts,run.2ojl7aGZ,django-subthreshold-bare,1,0,0,0,0,0,0
cap-overflow-2026-09-19-transcripts,run.31PhE0K5,django-subthreshold-bare,1,0,0,0,0,0,0
cap-overflow-2026-09-19-transcripts,run.4VYkbgWo,django-subthreshold-bare,1,0,0,0,0,0,0
cap-overflow-2026-09-19-transcripts,run.5SatO0wg,django-subthreshold-bare,1,0,0,0,0,0,0
cap-overflow-2026-09-19-transcripts,run.7V5Y7EIy,django-subthreshold-bare,1,0,0,0,0,0,0
cap-overflow-2026-09-19-transcripts,run.8z8F2LLZ,django-subthreshold-bare,1,0,0,0,0,0,0
cap-overflow-2026-09-19-transcripts,run.9Hbos4iO,django-subthreshold-bare,1,0,0,0,0,0,0
cap-overflow-2026-09-19-transcripts,run.DKcQzeR1,django-subthreshold-bare,1,0,0,0,0,0,0
cap-overflow-2026-09-19-transcripts,run.DSXEndjb,django-subthreshold-bare,1,0,0,0,0,0,0
cap-overflow-2026-09-19-transcripts,run.EWB3JTM8,django-subthreshold-bare,1,0,0,0,0,0,0
cap-overflow-2026-09-19-transcripts,run.FEGDAQzE,django-subthreshold-bare,1,0,0,0,0,0,0
cap-overflow-2026-09-19-transcripts,run.KOcwNRS6,django-subthreshold-bare,1,0,0,0,0,0,0
cap-overflow-2026-09-19-transcripts,run.Nfzb7DzS,django-subthreshold-bare,1,0,0,0,0,0,0
cap-overflow-2026-09-19-transcripts,run.QvMietRP,django-subthreshold-bare,1,0,0,0,0,0,0
cap-overflow-2026-09-19-transcripts,run.T90061lQ,django-subthreshold-bare,1,0,0,0,0,0,0
cap-overflow-2026-09-19-transcripts,run.T9dFKzU9,django-subthreshold-bare,1,0,0,0,0,0,0
cap-overflow-2026-09-19-transcripts,run.Tp4y92Xg,django-subthreshold-bare,1,0,0,0,0,0,0
cap-overflow-2026-09-19-transcripts,run.UU8wniw6,django-subthreshold-bare,1,0,0,0,0,0,0
cap-overflow-2026-09-19-transcripts,run.VGwIruHK,django-subthreshold-bare,1,0,0,0,0,0,0
cap-overflow-2026-09-19-transcripts,run.VQaUPXaK,django-subthreshold-bare,1,0,0,0,0,0,0
cap-overflow-2026-09-19-transcripts,run.VTraSkaX,django-subthreshold-bare,1,0,0,0,0,0,0
cap-overflow-2026-09-19-transcripts,run.WLz523lT,django-subthreshold-bare,1,0,0,0,0,0,0
cap-overflow-2026-09-19-transcripts,run.X6p7Dewe,django-subthreshold-bare,1,0,0,0,0,0,0
cap-overflow-2026-09-19-transcripts,run.XyTSQUkr,django-subthreshold-bare,1,0,0,0,0,0,0
cap-overflow-2026-09-19-transcripts,run.YXYmQURg,django-subthreshold-bare,1,0,0,0,0,0,0
cap-overflow-2026-09-19-transcripts,run.ZFeDCOWQ,django-subthreshold-bare,1,0,0,0,0,0,0
cap-overflow-2026-09-19-transcripts,run.ZTHkz7CS,django-subthreshold-bare,1,0,0,0,0,0,0
cap-overflow-2026-09-19-transcripts,run.bVGnAOES,django-subthreshold-bare,1,0,0,0,0,0,0
cap-overflow-2026-09-19-transcripts,run.cl8kuseX,django-subthreshold-bare,1,0,0,0,0,0,0
cap-overflow-2026-09-19-transcripts,run.eFNq5PRf,django-subthreshold-bare,1,0,0,0,0,0,0
cap-overflow-2026-09-19-transcripts,run.kk6Jcy6X,django-subthreshold-bare,1,0,0,0,0,0,0
cap-overflow-2026-09-19-transcripts,run.pudanxXA,django-subthreshold-bare,1,0,0,0,0,0,0
cap-overflow-2026-09-19-transcripts,run.tVsN7Ktg,django-subthreshold-bare,1,0,0,0,0,0,0
cap-overflow-2026-09-19-transcripts,run.tkenWavX,django-subthreshold-bare,1,0,0,0,0,0,0
cap-overflow-2026-09-19-transcripts,run.tuArWnMI,django-subthreshold-bare,1,0,0,0,0,0,0
cap-overflow-2026-09-19-transcripts,run.uBVFm8N7,django-subthreshold-bare,1,0,0,0,0,0,0
cap-overflow-2026-09-19-transcripts,run.xiIcbQNT,django-subthreshold-bare,1,0,0,0,0,0,0
cap-overflow-2026-09-19-transcripts,run.0T4zYvhS,django-subthreshold-bare,1,0,0,0,0,0,0
cap-overflow-2026-09-19-transcripts,run.1DCTUfO8,django-subthreshold-bare,1,0,0,0,0,0,0
cap-overflow-2026-09-19-transcripts,run.2LYK1Fml,django-subthreshold-bare,1,0,0,0,0,0,0
cap-overflow-2026-09-19-transcripts,run.2QAC0My7,django-subthreshold-bare,1,0,0,0,0,0,0
cap-overflow-2026-09-19-transcripts,run.2qsByz4L,django-subthreshold-bare,1,0,0,0,0,0,0
cap-overflow-2026-09-19-transcripts,run.8pAY1EhW,django-subthreshold-bare,1,0,0,0,0,0,0
cap-overflow-2026-09-19-transcripts,run.9FvknhxM,django-subthreshold-bare,1,0,0,0,0,0,0
cap-overflow-2026-09-19-transcripts,run.ANdQSpVp,django-subthreshold-bare,1,0,0,0,0,0,0
cap-overflow-2026-09-19-transcripts,run.AgjWGQNO,django-subthreshold-bare,1,0,0,0,0,0,0
cap-overflow-2026-09-19-transcripts,run.E328Z9bL,django-subthreshold-bare,1,0,0,0,0,0,0
cap-overflow-2026-09-19-transcripts,run.GfRSQn1Z,django-subthreshold-bare,1,0,0,0,0,0,0
cap-overflow-2026-09-19-transcripts,run.GvNfrkmh,django-subthreshold-bare,1,0,0,0,0,0,0
cap-overflow-2026-09-19-transcripts,run.Hh7Odccn,django-subthreshold-bare,1,0,0,0,0,0,0
cap-overflow-2026-09-19-transcripts,run.IX42kC5N,django-subthreshold-bare,1,0,0,0,0,0,0
cap-overflow-2026-09-19-transcripts,run.K24Cyb4K,django-subthreshold-bare,1,0,0,0,0,0,0
cap-overflow-2026-09-19-transcripts,run.MAIivysm,django-subthreshold-bare,1,0,0,0,0,0,0
cap-overflow-2026-09-19-transcripts,run.NPWp5n60,django-subthreshold-bare,1,0,0,0,0,0,0
cap-overflow-2026-09-19-transcripts,run.NfK43pAK,django-subthreshold-bare,1,0,0,0,0,0,0
cap-overflow-2026-09-19-transcripts,run.NxLw7nqJ,django-subthreshold-bare,1,0,0,0,0,0,0
cap-overflow-2026-09-19-transcripts,run.OSyNn1yL,django-subthreshold-bare,1,0,0,0,0,0,0
cap-overflow-2026-09-19-transcripts,run.RJnGsm7a,django-subthreshold-bare,1,0,0,0,0,0,0
cap-overflow-2026-09-19-transcripts,run.RtuHUtWI,django-subthreshold-bare,1,0,0,0,0,0,0
cap-overflow-2026-09-19-transcripts,run.S9HmJdQy,django-subthreshold-bare,1,0,0,0,0,0,0
cap-overflow-2026-09-19-transcripts,run.SO3VDxaf,django-subthreshold-bare,1,0,0,0,0,0,0
cap-overflow-2026-09-19-transcripts,run.XNYrV4Br,django-subthreshold-bare,1,0,0,0,0,0,0
cap-overflow-2026-09-19-transcripts,run.ZnR0MLsV,django-subthreshold-bare,1,0,0,0,0,0,0
cap-overflow-2026-09-19-transcripts,run.dBXHNu0N,django-subthreshold-bare,1,0,0,0,0,0,0
cap-overflow-2026-09-19-transcripts,run.iX28P2X6,django-subthreshold-bare,1,0,0,0,0,0,0
cap-overflow-2026-09-19-transcripts,run.lEXHuue4,django-subthreshold-bare,1,0,0,0,0,0,0
cap-overflow-2026-09-19-transcripts,run.m1q6tMsV,django-subthreshold-bare,1,0,0,0,0,0,0
cap-overflow-2026-09-19-transcripts,run.mG1uPk2L,django-subthreshold-bare,1,0,0,0,0,0,0
cap-overflow-2026-09-19-transcripts,run.mxgDv77R,django-subthreshold-bare,1,0,0,0,0,0,0
cap-overflow-2026-09-19-transcripts,run.nlHQA5Yj,django-subthreshold-bare,1,0,0,0,0,0,0
cap-overflow-2026-09-19-transcripts,run.qS1EiAgM,django-subthreshold-bare,1,0,0,0,0,0,0
cap-overflow-2026-09-19-transcripts,run.rvqnNFLQ,django-subthreshold-bare,1,0,0,0,0,0,0
cap-overflow-2026-09-19-transcripts,run.tTEVHFe7,django-subthreshold-bare,1,0,0,0,0,0,0
cap-overflow-2026-09-19-transcripts,run.uGbuLyYt,django-subthreshold-bare,1,0,0,0,0,0,0
cap-overflow-2026-09-19-transcripts,run.urwagFze,django-subthreshold-bare,1,0,0,0,0,0,0
cap-overflow-2026-09-19-transcripts,run.xwekP4Z6,django-subthreshold-bare,1,0,0,0,0,0,0
multiturn-context-2026-09-18-transcripts,run.2gXhO3lK,django-multiturn-context,5,3,32098,3,4,0,0
multiturn-context-2026-09-18-transcripts,run.BlFx27pa,django-multiturn-context,5,1,398,0,0,0,0
multiturn-context-2026-09-18-transcripts,run.FUjNlKA7,django-multiturn-context,5,1,152,0,0,0,0
multiturn-context-2026-09-18-transcripts,run.L1DqGoOV,django-multiturn-context,5,3,6690,0,0,0,0
multiturn-context-2026-09-18-transcripts,run.UWDv1roq,django-multiturn-context,5,2,1621,0,0,0,0
multiturn-context-2026-09-18-transcripts,run.Uj6yO7We,django-multiturn-context,5,0,0,0,0,0,0
multiturn-context-2026-09-18-transcripts,run.VwFxLSdp,django-multiturn-context,5,0,0,0,0,0,0
multiturn-context-2026-09-18-transcripts,run.evObSvPG,django-multiturn-context,5,2,2680,0,0,0,0
multiturn-context-2026-09-18-transcripts,run.gyiPA7Zl,django-multiturn-context,5,1,2585,0,0,0,0
multiturn-context-2026-09-18-transcripts,run.hiusl6C9,django-multiturn-context,5,3,3907,0,0,0,0
multiturn-context-2026-09-18-transcripts,run.mbEyjHmy,django-multiturn-context,5,0,0,0,0,0,0
multiturn-context-2026-09-18-transcripts,run.p917Mmnp,django-multiturn-context,5,0,0,0,0,0,0
multiturn-context-2026-09-18-transcripts,run.qNK33FOQ,django-multiturn-context,5,1,598,0,0,0,0
multiturn-context-2026-09-18-transcripts,run.sM7k6XGD,django-multiturn-context,5,4,8301,0,0,0,0
plan-phase-routing-2026-09-18-transcripts,run.56cdrFDG,django-plan-trace-bare,1,0,0,0,0,0,0
plan-phase-routing-2026-09-18-transcripts,run.56cdrFDG,django-plan-trace-plan,1,0,0,0,0,0,0
plan-phase-routing-2026-09-18-transcripts,run.6srq7FbN,django-plan-trace-bare,1,0,0,0,0,0,0
plan-phase-routing-2026-09-18-transcripts,run.6srq7FbN,django-plan-trace-plan,1,0,0,0,0,0,0
plan-phase-routing-2026-09-18-transcripts,run.7QcIJA5e,django-plan-trace-bare,1,0,0,0,0,0,0
plan-phase-routing-2026-09-18-transcripts,run.7QcIJA5e,django-plan-trace-plan,1,0,0,0,0,0,0
plan-phase-routing-2026-09-18-transcripts,run.7tlkanMu,django-plan-trace-bare,1,0,0,0,0,0,0
plan-phase-routing-2026-09-18-transcripts,run.7tlkanMu,django-plan-trace-plan,1,0,0,0,0,0,0
plan-phase-routing-2026-09-18-transcripts,run.9fZEItiP,django-plan-trace-bare,1,0,0,0,0,0,0
plan-phase-routing-2026-09-18-transcripts,run.9fZEItiP,django-plan-trace-plan,1,0,0,0,0,0,0
plan-phase-routing-2026-09-18-transcripts,run.AexDNaId,django-plan-trace-bare,1,0,0,0,0,0,0
plan-phase-routing-2026-09-18-transcripts,run.AexDNaId,django-plan-trace-plan,1,0,0,0,0,0,0
plan-phase-routing-2026-09-18-transcripts,run.B9sK8wiP,django-plan-trace-bare,1,0,0,0,0,0,0
plan-phase-routing-2026-09-18-transcripts,run.B9sK8wiP,django-plan-trace-plan,1,0,0,0,0,0,0
plan-phase-routing-2026-09-18-transcripts,run.DInmVM9d,django-plan-trace-bare,1,0,0,0,0,0,0
plan-phase-routing-2026-09-18-transcripts,run.DInmVM9d,django-plan-trace-plan,1,0,0,0,0,0,0
plan-phase-routing-2026-09-18-transcripts,run.Evwb3kuL,django-plan-trace-bare,1,0,0,0,0,0,0
plan-phase-routing-2026-09-18-transcripts,run.Evwb3kuL,django-plan-trace-plan,1,0,0,0,0,0,0
plan-phase-routing-2026-09-18-transcripts,run.FSuLJ0GD,django-plan-trace-bare,1,0,0,0,0,0,0
plan-phase-routing-2026-09-18-transcripts,run.FSuLJ0GD,django-plan-trace-plan,1,0,0,0,0,0,0
plan-phase-routing-2026-09-18-transcripts,run.HWCpOMGm,django-plan-trace-bare,1,0,0,0,0,0,0
plan-phase-routing-2026-09-18-transcripts,run.HWCpOMGm,django-plan-trace-plan,1,0,0,0,0,0,0
plan-phase-routing-2026-09-18-transcripts,run.ImDgcpXg,django-plan-trace-bare,1,0,0,0,0,0,0
plan-phase-routing-2026-09-18-transcripts,run.ImDgcpXg,django-plan-trace-plan,1,0,0,0,0,0,0
plan-phase-routing-2026-09-18-transcripts,run.KJAiZe2r,django-plan-trace-bare,1,0,0,0,0,0,0
plan-phase-routing-2026-09-18-transcripts,run.KJAiZe2r,django-plan-trace-plan,1,0,0,0,0,0,0
plan-phase-routing-2026-09-18-transcripts,run.LmYlVVq0,django-plan-trace-bare,1,0,0,0,0,0,0
plan-phase-routing-2026-09-18-transcripts,run.LmYlVVq0,django-plan-trace-plan,1,0,0,0,0,0,0
plan-phase-routing-2026-09-18-transcripts,run.MzUVynVw,django-plan-trace-bare,1,0,0,0,0,0,0
plan-phase-routing-2026-09-18-transcripts,run.MzUVynVw,django-plan-trace-plan,1,0,0,0,0,0,0
plan-phase-routing-2026-09-18-transcripts,run.NU26tYFa,django-plan-trace-bare,1,0,0,0,0,0,0
plan-phase-routing-2026-09-18-transcripts,run.NU26tYFa,django-plan-trace-plan,1,0,0,0,0,0,0
plan-phase-routing-2026-09-18-transcripts,run.Nmap48sT,django-plan-trace-bare,1,0,0,0,0,0,0
plan-phase-routing-2026-09-18-transcripts,run.Nmap48sT,django-plan-trace-plan,1,0,0,0,0,0,0
plan-phase-routing-2026-09-18-transcripts,run.O4vl1KIu,django-plan-trace-bare,1,0,0,0,0,0,0
plan-phase-routing-2026-09-18-transcripts,run.O4vl1KIu,django-plan-trace-plan,1,0,0,0,0,0,0
plan-phase-routing-2026-09-18-transcripts,run.OcE4L3Qc,django-plan-trace-bare,1,0,0,0,0,0,0
plan-phase-routing-2026-09-18-transcripts,run.OcE4L3Qc,django-plan-trace-plan,1,0,0,0,0,0,0
plan-phase-routing-2026-09-18-transcripts,run.RhnlpoKK,django-plan-trace-bare,1,0,0,0,0,0,0
plan-phase-routing-2026-09-18-transcripts,run.RhnlpoKK,django-plan-trace-plan,1,0,0,0,0,0,0
plan-phase-routing-2026-09-18-transcripts,run.RqHAFDqz,django-plan-trace-bare,1,0,0,0,0,0,0
plan-phase-routing-2026-09-18-transcripts,run.RqHAFDqz,django-plan-trace-plan,1,0,0,0,0,0,0
plan-phase-routing-2026-09-18-transcripts,run.W4jQ2v0z,django-plan-trace-bare,1,0,0,0,0,0,0
plan-phase-routing-2026-09-18-transcripts,run.W4jQ2v0z,django-plan-trace-plan,1,0,0,0,0,0,0
plan-phase-routing-2026-09-18-transcripts,run.ZiZeiNDd,django-plan-trace-bare,1,0,0,0,0,0,0
plan-phase-routing-2026-09-18-transcripts,run.ZiZeiNDd,django-plan-trace-plan,1,0,0,0,0,0,0
plan-phase-routing-2026-09-18-transcripts,run.c14ShZ1T,django-plan-trace-bare,1,0,0,0,0,0,0
plan-phase-routing-2026-09-18-transcripts,run.c14ShZ1T,django-plan-trace-plan,1,0,0,0,0,0,0
plan-phase-routing-2026-09-18-transcripts,run.fexqK2Ad,django-plan-trace-bare,1,0,0,0,0,0,0
plan-phase-routing-2026-09-18-transcripts,run.fexqK2Ad,django-plan-trace-plan,1,0,0,0,0,0,0
plan-phase-routing-2026-09-18-transcripts,run.fjyxjqch,django-plan-trace-bare,1,0,0,0,0,0,0
plan-phase-routing-2026-09-18-transcripts,run.fjyxjqch,django-plan-trace-plan,1,0,0,0,0,0,0
plan-phase-routing-2026-09-18-transcripts,run.hsQmJItO,django-plan-trace-bare,1,0,0,0,0,0,0
plan-phase-routing-2026-09-18-transcripts,run.hsQmJItO,django-plan-trace-plan,1,0,0,0,0,0,0
plan-phase-routing-2026-09-18-transcripts,run.i4gbCfnQ,django-plan-trace-bare,1,0,0,0,0,0,0
plan-phase-routing-2026-09-18-transcripts,run.i4gbCfnQ,django-plan-trace-plan,1,0,0,0,0,0,0
plan-phase-routing-2026-09-18-transcripts,run.kyw15acw,django-plan-trace-bare,1,0,0,0,0,0,0
plan-phase-routing-2026-09-18-transcripts,run.kyw15acw,django-plan-trace-plan,1,0,0,0,0,0,0
plan-phase-routing-2026-09-18-transcripts,run.l4JSLoXj,django-plan-trace-bare,1,0,0,0,0,0,0
plan-phase-routing-2026-09-18-transcripts,run.l4JSLoXj,django-plan-trace-plan,1,0,0,0,0,0,0
plan-phase-routing-2026-09-18-transcripts,run.m0XGeBba,django-plan-trace-bare,1,0,0,0,0,0,0
plan-phase-routing-2026-09-18-transcripts,run.m0XGeBba,django-plan-trace-plan,1,0,0,0,0,0,0
plan-phase-routing-2026-09-18-transcripts,run.nyE6vJL5,django-plan-trace-bare,1,0,0,0,0,0,0
plan-phase-routing-2026-09-18-transcripts,run.nyE6vJL5,django-plan-trace-plan,1,0,0,0,0,0,0
plan-phase-routing-2026-09-18-transcripts,run.omoYmZrw,django-plan-trace-bare,1,0,0,0,0,0,0
plan-phase-routing-2026-09-18-transcripts,run.omoYmZrw,django-plan-trace-plan,1,0,0,0,0,0,0
plan-phase-routing-2026-09-18-transcripts,run.p5vvAqQi,django-plan-trace-bare,1,0,0,0,0,0,0
plan-phase-routing-2026-09-18-transcripts,run.p5vvAqQi,django-plan-trace-plan,1,0,0,0,0,0,0
plan-phase-routing-2026-09-18-transcripts,run.rIZx15ud,django-plan-trace-bare,1,0,0,0,0,0,0
plan-phase-routing-2026-09-18-transcripts,run.rIZx15ud,django-plan-trace-plan,1,0,0,0,0,0,0
plan-phase-routing-2026-09-18-transcripts,run.rQdU7wQ5,django-plan-trace-bare,1,0,0,0,0,0,0
plan-phase-routing-2026-09-18-transcripts,run.rQdU7wQ5,django-plan-trace-plan,1,0,0,0,0,0,0
plan-phase-routing-2026-09-18-transcripts,run.tBqVecyF,django-plan-trace-bare,1,0,0,0,0,0,0
plan-phase-routing-2026-09-18-transcripts,run.tBqVecyF,django-plan-trace-plan,1,0,0,0,0,0,0
plan-phase-routing-2026-09-18-transcripts,run.uQgVobJE,django-plan-trace-bare,1,0,0,0,0,0,0
plan-phase-routing-2026-09-18-transcripts,run.uQgVobJE,django-plan-trace-plan,1,0,0,0,0,0,0
plan-phase-routing-2026-09-18-transcripts,run.w3lBPFq8,django-plan-trace-bare,1,0,0,0,0,0,0
plan-phase-routing-2026-09-18-transcripts,run.w3lBPFq8,django-plan-trace-plan,1,0,0,0,0,0,0
plan-phase-routing-2026-09-18-transcripts,run.wtAjDag9,django-plan-trace-bare,1,0,0,0,0,0,0
plan-phase-routing-2026-09-18-transcripts,run.wtAjDag9,django-plan-trace-plan,1,0,0,0,0,0,0
run.8bpx1reV,run.8bpx1reV,django-multiturn-context,5,1,1329,0,0,0,0
run.Duox7sd0,run.Duox7sd0,django-plan-trace-bare,1,0,0,0,0,0,0
run.LWkKswLK,run.LWkKswLK,auto-edit-grep-location,1,1,83,0,0,0,0
subthreshold-cost-2026-09-18-transcripts,run.1Hi8Wx8z,django-subthreshold-cost,1,0,0,0,0,0,0
subthreshold-cost-2026-09-18-transcripts,run.2esIbpIc,django-subthreshold-cost,1,0,0,0,0,0,0
subthreshold-cost-2026-09-18-transcripts,run.7lXdnQAm,django-subthreshold-cost,1,0,0,0,0,0,0
subthreshold-cost-2026-09-18-transcripts,run.8D4rlHam,django-subthreshold-cost,1,0,0,0,0,0,0
subthreshold-cost-2026-09-18-transcripts,run.A3bAnx2t,django-subthreshold-cost,1,0,0,0,0,0,0
subthreshold-cost-2026-09-18-transcripts,run.BxVuqESi,django-subthreshold-cost,1,0,0,0,0,0,0
subthreshold-cost-2026-09-18-transcripts,run.F3e7rHkH,django-subthreshold-cost,1,0,0,0,0,0,0
subthreshold-cost-2026-09-18-transcripts,run.If4riePD,django-subthreshold-cost,1,0,0,0,0,0,0
subthreshold-cost-2026-09-18-transcripts,run.KcQwo2EH,django-subthreshold-cost,1,0,0,0,0,0,0
subthreshold-cost-2026-09-18-transcripts,run.LzD4LMHQ,django-subthreshold-cost,1,0,0,0,0,0,0
subthreshold-cost-2026-09-18-transcripts,run.MVTAsLKt,django-subthreshold-cost,1,0,0,0,0,0,0
subthreshold-cost-2026-09-18-transcripts,run.NPuU0z6A,django-subthreshold-cost,1,0,0,0,0,0,0
subthreshold-cost-2026-09-18-transcripts,run.NXQaYmAd,django-subthreshold-cost,1,0,0,0,0,0,0
subthreshold-cost-2026-09-18-transcripts,run.QIn0oNkg,django-subthreshold-cost,1,0,0,0,0,0,0
subthreshold-cost-2026-09-18-transcripts,run.R6GCjOSW,django-subthreshold-cost,1,0,0,0,0,0,0
subthreshold-cost-2026-09-18-transcripts,run.RD9O4LNI,django-subthreshold-cost,1,0,0,0,0,0,0
subthreshold-cost-2026-09-18-transcripts,run.VtMrJBSI,django-subthreshold-cost,1,0,0,0,0,0,0
subthreshold-cost-2026-09-18-transcripts,run.XEvGQraU,django-subthreshold-cost,1,0,0,0,0,0,0
subthreshold-cost-2026-09-18-transcripts,run.Xst2jt1G,django-subthreshold-cost,1,0,0,0,0,0,0
subthreshold-cost-2026-09-18-transcripts,run.azevMjZY,django-subthreshold-cost,1,0,0,0,0,0,0
subthreshold-cost-2026-09-18-transcripts,run.bD9ibJ4z,django-subthreshold-cost,1,0,0,0,0,0,0
subthreshold-cost-2026-09-18-transcripts,run.c7IWaIpa,django-subthreshold-cost,1,0,0,0,0,0,0
subthreshold-cost-2026-09-18-transcripts,run.dJ45MgnP,django-subthreshold-cost,1,0,0,0,0,0,0
subthreshold-cost-2026-09-18-transcripts,run.f6F7JTHs,django-subthreshold-cost,1,0,0,0,0,0,0
subthreshold-cost-2026-09-18-transcripts,run.gpcQz8Ia,django-subthreshold-cost,1,0,0,0,0,0,0
subthreshold-cost-2026-09-18-transcripts,run.jSVx3yom,django-subthreshold-cost,1,0,0,0,0,0,0
subthreshold-cost-2026-09-18-transcripts,run.jVspyj2N,django-subthreshold-cost,1,0,0,0,0,0,0
subthreshold-cost-2026-09-18-transcripts,run.jkZFgwv1,django-subthreshold-cost,1,0,0,0,0,0,0
subthreshold-cost-2026-09-18-transcripts,run.k68qI3yg,django-subthreshold-cost,1,0,0,0,0,0,0
subthreshold-cost-2026-09-18-transcripts,run.kfawSY1b,django-subthreshold-cost,1,0,0,0,0,0,0
subthreshold-cost-2026-09-18-transcripts,run.l2g6bSx5,django-subthreshold-cost,1,0,0,0,0,0,0
subthreshold-cost-2026-09-18-transcripts,run.mp6AcaZe,django-subthreshold-cost,1,0,0,0,0,0,0
subthreshold-cost-2026-09-18-transcripts,run.rQpSGCzR,django-subthreshold-cost,1,0,0,0,0,0,0
subthreshold-cost-2026-09-18-transcripts,run.rhenPGpi,django-subthreshold-cost,1,0,0,0,0,0,0
subthreshold-cost-2026-09-18-transcripts,run.u2h1vJ8f,django-subthreshold-cost,1,0,0,0,0,0,0
subthreshold-cost-2026-09-18-transcripts,run.uT9TlF4P,django-subthreshold-cost,1,0,0,0,0,0,0
subthreshold-cost-2026-09-18-transcripts,run.uZLcKmxH,django-subthreshold-cost,1,0,0,0,0,0,0
subthreshold-cost-2026-09-18-transcripts,run.vvDCknCL,django-subthreshold-cost,1,0,0,0,0,0,0
subthreshold-cost-2026-09-18-transcripts,run.y7SxUQ6Q,django-subthreshold-cost,1,0,0,0,0,0,0
subthreshold-cost-2026-09-18-transcripts,run.zVEos5md,django-subthreshold-cost,1,0,0,0,0,0,0
subthreshold-cost-2026-09-18-transcripts,run.zWPdvLiE,django-subthreshold-cost,1,0,0,0,0,0,0
subthreshold-routing-2026-09-18-transcripts,run.2k681EBS,django-subthreshold-bare,1,0,0,0,0,0,0
subthreshold-routing-2026-09-18-transcripts,run.3SjAVTka,django-subthreshold-bare,1,0,0,0,0,0,0
subthreshold-routing-2026-09-18-transcripts,run.4FD5dRmD,django-subthreshold-bare,1,0,0,0,0,0,0
subthreshold-routing-2026-09-18-transcripts,run.4drZqU6H,django-subthreshold-bare,1,0,0,0,0,0,0
subthreshold-routing-2026-09-18-transcripts,run.4ndtvptJ,django-subthreshold-bare,1,0,0,0,0,0,0
subthreshold-routing-2026-09-18-transcripts,run.4ucMvt7i,django-subthreshold-bare,1,0,0,0,0,0,0
subthreshold-routing-2026-09-18-transcripts,run.A8oEHBW4,django-subthreshold-bare,1,0,0,0,0,0,0
subthreshold-routing-2026-09-18-transcripts,run.B8fdHRZY,django-subthreshold-bare,1,3,25901,1,0,0,0
subthreshold-routing-2026-09-18-transcripts,run.F9M7UqMM,django-subthreshold-bare,1,0,0,0,0,0,0
subthreshold-routing-2026-09-18-transcripts,run.H2Tb4HZd,django-subthreshold-bare,1,0,0,0,0,0,0
subthreshold-routing-2026-09-18-transcripts,run.LyPvg1O4,django-subthreshold-bare,1,0,0,0,0,0,0
subthreshold-routing-2026-09-18-transcripts,run.MJwU4U6p,django-subthreshold-bare,1,0,0,0,0,0,0
subthreshold-routing-2026-09-18-transcripts,run.OUL0HsIv,django-subthreshold-bare,1,0,0,0,0,0,0
subthreshold-routing-2026-09-18-transcripts,run.OvjiBFTm,django-subthreshold-bare,1,0,0,0,0,0,0
subthreshold-routing-2026-09-18-transcripts,run.WKr2eljs,django-subthreshold-bare,1,0,0,0,0,0,0
subthreshold-routing-2026-09-18-transcripts,run.ZuwQmcMy,django-subthreshold-bare,1,0,0,0,0,0,0
subthreshold-routing-2026-09-18-transcripts,run.bAXzQ86T,django-subthreshold-bare,1,0,0,0,0,0,0
subthreshold-routing-2026-09-18-transcripts,run.bubPWFuP,django-subthreshold-bare,1,0,0,0,0,0,0
subthreshold-routing-2026-09-18-transcripts,run.ciSHFxLR,django-subthreshold-bare,1,0,0,0,0,0,0
subthreshold-routing-2026-09-18-transcripts,run.dPZQ1Dfr,django-subthreshold-bare,1,0,0,0,0,0,0
subthreshold-routing-2026-09-18-transcripts,run.rNzVa22H,django-subthreshold-bare,1,0,0,0,0,0,0
subthreshold-routing-2026-09-18-transcripts,run.wI5lhAvX,django-subthreshold-bare,1,0,0,0,0,0,0
subthreshold-routing-2026-09-18-transcripts,run.xdVgDJO0,django-subthreshold-bare,1,0,0,0,0,0,0
