run,mode,turn,scored,gold,missing,unscored,worker_reply_chars,error
run.2gXhO3lK,auto,2,yes,IrreversibleError,,operation.reversible,,
run.2gXhO3lK,auto,3,yes,MIGRATION_TEMPLATE;MIGRATION_HEADER_TEMPLATE;as_string,,,,
run.2gXhO3lK,auto,4,yes,RunPython;reverse_sql,,,,
run.2gXhO3lK,auto,5,no,,,,,
run.2gXhO3lK,direct,2,yes,IrreversibleError,,operation.reversible,,
run.2gXhO3lK,direct,3,yes,MIGRATION_TEMPLATE;MIGRATION_HEADER_TEMPLATE;as_string,,,,
run.2gXhO3lK,direct,4,yes,RunPython;reverse_sql,,,,
run.2gXhO3lK,direct,5,no,,,,,
run.BlFx27pa,auto,2,yes,IrreversibleError,,operation.reversible,,
run.BlFx27pa,auto,3,yes,MIGRATION_TEMPLATE;MIGRATION_HEADER_TEMPLATE;as_string,,,,
run.BlFx27pa,auto,4,yes,RunPython;reverse_sql,,,,
run.BlFx27pa,auto,5,no,,,,,
run.BlFx27pa,direct,2,yes,IrreversibleError,,operation.reversible,,
run.BlFx27pa,direct,3,yes,MIGRATION_TEMPLATE;MIGRATION_HEADER_TEMPLATE;as_string,,,,
run.BlFx27pa,direct,4,yes,RunPython;reverse_sql,,,,
run.BlFx27pa,direct,5,no,,,,,
run.FUjNlKA7,auto,2,yes,IrreversibleError,,operation.reversible,,
run.FUjNlKA7,auto,3,yes,MIGRATION_TEMPLATE;MIGRATION_HEADER_TEMPLATE;as_string,,,,
run.FUjNlKA7,auto,4,yes,RunPython;reverse_sql,,,,
run.FUjNlKA7,auto,5,no,,,,,
run.FUjNlKA7,direct,2,yes,IrreversibleError,,operation.reversible,,
run.FUjNlKA7,direct,3,yes,MIGRATION_TEMPLATE;MIGRATION_HEADER_TEMPLATE;as_string,,,,
run.FUjNlKA7,direct,4,yes,RunPython;reverse_sql,,,,
run.FUjNlKA7,direct,5,no,,,,,
run.L1DqGoOV,auto,2,yes,IrreversibleError,,operation.reversible,,
run.L1DqGoOV,auto,3,yes,MIGRATION_TEMPLATE;MIGRATION_HEADER_TEMPLATE;as_string,,,,
run.L1DqGoOV,auto,4,yes,RunPython;reverse_sql,,,,
run.L1DqGoOV,auto,5,no,,,,,
run.L1DqGoOV,direct,2,yes,IrreversibleError,,operation.reversible,,
run.L1DqGoOV,direct,3,yes,MIGRATION_TEMPLATE;MIGRATION_HEADER_TEMPLATE;as_string,,,,
run.L1DqGoOV,direct,4,yes,RunPython;reverse_sql,,,,
run.L1DqGoOV,direct,5,no,,,,,
run.UWDv1roq,auto,2,yes,IrreversibleError,,operation.reversible,,
run.UWDv1roq,auto,3,yes,MIGRATION_TEMPLATE;MIGRATION_HEADER_TEMPLATE;as_string,,,,
run.UWDv1roq,auto,4,yes,RunPython;reverse_sql,,,,
run.UWDv1roq,auto,5,no,,,,,
run.UWDv1roq,direct,2,yes,IrreversibleError,,operation.reversible,,
run.UWDv1roq,direct,3,yes,MIGRATION_TEMPLATE;MIGRATION_HEADER_TEMPLATE;as_string,,,,
run.UWDv1roq,direct,4,yes,RunPython;reverse_sql,,,,
run.UWDv1roq,direct,5,no,,,,,
run.Uj6yO7We,auto,2,yes,IrreversibleError,,operation.reversible,,
run.Uj6yO7We,auto,3,yes,MIGRATION_TEMPLATE;MIGRATION_HEADER_TEMPLATE;as_string,,,,
run.Uj6yO7We,auto,4,yes,RunPython;reverse_sql,,,,
run.Uj6yO7We,auto,5,no,,,,,
run.Uj6yO7We,direct,2,yes,IrreversibleError,,operation.reversible,,
run.Uj6yO7We,direct,3,yes,MIGRATION_TEMPLATE;MIGRATION_HEADER_TEMPLATE;as_string,,,,
run.Uj6yO7We,direct,4,yes,RunPython;reverse_sql,,,,
run.Uj6yO7We,direct,5,no,,,,,
run.VwFxLSdp,auto,2,yes,IrreversibleError,,operation.reversible,,
run.VwFxLSdp,auto,3,yes,MIGRATION_TEMPLATE;MIGRATION_HEADER_TEMPLATE;as_string,,,,
run.VwFxLSdp,auto,4,yes,RunPython;reverse_sql,,,,
run.VwFxLSdp,auto,5,no,,,,,
run.VwFxLSdp,direct,2,yes,IrreversibleError,,operation.reversible,,
run.VwFxLSdp,direct,3,yes,MIGRATION_TEMPLATE;MIGRATION_HEADER_TEMPLATE;as_string,,,,
run.VwFxLSdp,direct,4,yes,RunPython;reverse_sql,,,,
run.VwFxLSdp,direct,5,no,,,,,
run.evObSvPG,auto,2,yes,IrreversibleError,,operation.reversible,,
run.evObSvPG,auto,3,yes,MIGRATION_TEMPLATE;MIGRATION_HEADER_TEMPLATE;as_string,,,,
run.evObSvPG,auto,4,yes,RunPython;reverse_sql,,,,
run.evObSvPG,auto,5,no,,,,,
run.evObSvPG,direct,2,yes,IrreversibleError,,operation.reversible,,
run.evObSvPG,direct,3,yes,MIGRATION_TEMPLATE;MIGRATION_HEADER_TEMPLATE;as_string,,,,
run.evObSvPG,direct,4,yes,RunPython;reverse_sql,,,,
run.evObSvPG,direct,5,no,,,,,
run.gyiPA7Zl,auto,2,yes,IrreversibleError,,operation.reversible,,
run.gyiPA7Zl,auto,3,yes,MIGRATION_TEMPLATE;MIGRATION_HEADER_TEMPLATE;as_string,,,,
run.gyiPA7Zl,auto,4,yes,RunPython;reverse_sql,,,,
run.gyiPA7Zl,auto,5,no,,,,1940,
run.gyiPA7Zl,direct,2,yes,IrreversibleError,,operation.reversible,,
run.gyiPA7Zl,direct,3,yes,MIGRATION_TEMPLATE;MIGRATION_HEADER_TEMPLATE;as_string,,,,
run.gyiPA7Zl,direct,4,yes,RunPython;reverse_sql,,,,
run.gyiPA7Zl,direct,5,no,,,,,
run.hiusl6C9,auto,2,yes,IrreversibleError,,operation.reversible,,
run.hiusl6C9,auto,3,yes,MIGRATION_TEMPLATE;MIGRATION_HEADER_TEMPLATE;as_string,,,,
run.hiusl6C9,auto,4,yes,RunPython;reverse_sql,,,,
run.hiusl6C9,auto,5,no,,,,1485,
run.hiusl6C9,direct,2,yes,IrreversibleError,,operation.reversible,,
run.hiusl6C9,direct,3,yes,MIGRATION_TEMPLATE;MIGRATION_HEADER_TEMPLATE;as_string,,,,
run.hiusl6C9,direct,4,yes,RunPython;reverse_sql,,,,
run.hiusl6C9,direct,5,no,,,,,
run.mbEyjHmy,auto,2,yes,IrreversibleError,,operation.reversible,,
run.mbEyjHmy,auto,3,yes,MIGRATION_TEMPLATE;MIGRATION_HEADER_TEMPLATE;as_string,,,,
run.mbEyjHmy,auto,4,yes,RunPython;reverse_sql,,,,
run.mbEyjHmy,auto,5,no,,,,3025,
run.mbEyjHmy,direct,2,yes,IrreversibleError,,operation.reversible,,
run.mbEyjHmy,direct,3,yes,MIGRATION_TEMPLATE;MIGRATION_HEADER_TEMPLATE;as_string,,,,
run.mbEyjHmy,direct,4,yes,RunPython;reverse_sql,,,,
run.mbEyjHmy,direct,5,no,,,,,
run.p917Mmnp,auto,2,yes,IrreversibleError,,operation.reversible,,
run.p917Mmnp,auto,3,yes,MIGRATION_TEMPLATE;MIGRATION_HEADER_TEMPLATE;as_string,,,,
run.p917Mmnp,auto,4,yes,RunPython;reverse_sql,,,,
run.p917Mmnp,auto,5,no,,,,644,
run.p917Mmnp,direct,2,yes,IrreversibleError,,operation.reversible,,
run.p917Mmnp,direct,3,yes,MIGRATION_TEMPLATE;MIGRATION_HEADER_TEMPLATE;as_string,,,,
run.p917Mmnp,direct,4,yes,RunPython;reverse_sql,,,,
run.p917Mmnp,direct,5,no,,,,,
run.qNK33FOQ,auto,2,yes,IrreversibleError,,operation.reversible,,
run.qNK33FOQ,auto,3,yes,MIGRATION_TEMPLATE;MIGRATION_HEADER_TEMPLATE;as_string,,,,
run.qNK33FOQ,auto,4,yes,RunPython;reverse_sql,,,,
run.qNK33FOQ,auto,5,no,,,,,
run.qNK33FOQ,direct,2,yes,IrreversibleError,,operation.reversible,,
run.qNK33FOQ,direct,3,yes,MIGRATION_TEMPLATE;MIGRATION_HEADER_TEMPLATE;as_string,,,,
run.qNK33FOQ,direct,4,yes,RunPython;reverse_sql,,,,
run.qNK33FOQ,direct,5,no,,,,,
run.sM7k6XGD,auto,2,yes,IrreversibleError,,operation.reversible,,
run.sM7k6XGD,auto,3,yes,MIGRATION_TEMPLATE;MIGRATION_HEADER_TEMPLATE;as_string,,,,
run.sM7k6XGD,auto,4,yes,RunPython;reverse_sql,,,,
run.sM7k6XGD,auto,5,no,,,,1135,
run.sM7k6XGD,direct,2,yes,IrreversibleError,,operation.reversible,,
run.sM7k6XGD,direct,3,yes,MIGRATION_TEMPLATE;MIGRATION_HEADER_TEMPLATE;as_string,,,,
run.sM7k6XGD,direct,4,yes,RunPython;reverse_sql,,,,
run.sM7k6XGD,direct,5,no,,,,,
