run,mode,turn,bytes,cost,completed
run.2gXhO3lK,direct,1,25901,0.1045,1
run.2gXhO3lK,direct,2,10619,0.0444,1
run.2gXhO3lK,direct,3,12773,0.0402,1
run.2gXhO3lK,direct,4,8706,0.0364,1
run.2gXhO3lK,direct,5,0,0.0349,1
run.2gXhO3lK,auto,1,0,0.1462,1
run.2gXhO3lK,auto,2,10619,0.0473,1
run.2gXhO3lK,auto,3,12773,0.0498,1
run.2gXhO3lK,auto,4,8706,0.0471,1
run.2gXhO3lK,auto,5,0,0.0320,1
run.BlFx27pa,direct,1,25901,0.0886,1
run.BlFx27pa,direct,2,0,0.0274,1
run.BlFx27pa,direct,3,0,0.0215,1
run.BlFx27pa,direct,4,3823,0.0384,1
run.BlFx27pa,direct,5,0,0.0347,1
run.BlFx27pa,auto,1,0,0.1247,1
run.BlFx27pa,auto,2,0,0.0351,1
run.BlFx27pa,auto,3,0,0.0307,1
run.BlFx27pa,auto,4,398,0.0422,1
run.BlFx27pa,auto,5,0,0.0160,1
run.FUjNlKA7,direct,1,25901,0.1126,1
run.FUjNlKA7,direct,2,10619,0.0597,1
run.FUjNlKA7,direct,3,12773,0.0459,1
run.FUjNlKA7,direct,4,8706,0.0376,1
run.FUjNlKA7,direct,5,0,0.0359,1
run.FUjNlKA7,auto,1,0,0.1676,1
run.FUjNlKA7,auto,2,0,0.0421,1
run.FUjNlKA7,auto,3,0,0.0329,1
run.FUjNlKA7,auto,4,152,0.0439,1
run.FUjNlKA7,auto,5,0,0.0196,1
run.L1DqGoOV,direct,1,25901,0.1050,1
run.L1DqGoOV,direct,2,0,0.0457,1
run.L1DqGoOV,direct,3,1773,0.0365,1
run.L1DqGoOV,direct,4,5569,0.0446,1
run.L1DqGoOV,direct,5,0,0.0239,1
run.L1DqGoOV,auto,1,0,0.1324,1
run.L1DqGoOV,auto,2,2585,0.0588,1
run.L1DqGoOV,auto,3,0,0.0312,1
run.L1DqGoOV,auto,4,4105,0.0597,1
run.L1DqGoOV,auto,5,0,0.0381,1
run.UWDv1roq,direct,1,25901,0.0973,1
run.UWDv1roq,direct,2,10619,0.0428,1
run.UWDv1roq,direct,3,12773,0.0411,1
run.UWDv1roq,direct,4,8706,0.0433,1
run.UWDv1roq,direct,5,0,0.0419,1
run.UWDv1roq,auto,1,0,0.2463,1
run.UWDv1roq,auto,2,0,0.0655,1
run.UWDv1roq,auto,3,1242,0.0501,1
run.UWDv1roq,auto,4,379,0.0507,1
run.UWDv1roq,auto,5,0,0.0214,1
run.Uj6yO7We,direct,1,25901,0.1071,1
run.Uj6yO7We,direct,2,0,0.0463,1
run.Uj6yO7We,direct,3,1773,0.0369,1
run.Uj6yO7We,direct,4,0,0.0317,1
run.Uj6yO7We,direct,5,0,0.0275,1
run.Uj6yO7We,auto,1,0,0.1470,1
run.Uj6yO7We,auto,2,0,0.0457,1
run.Uj6yO7We,auto,3,0,0.0301,1
run.Uj6yO7We,auto,4,0,0.0443,1
run.Uj6yO7We,auto,5,0,0.0387,1
run.VwFxLSdp,direct,1,25901,0.1061,1
run.VwFxLSdp,direct,2,10619,0.0449,1
run.VwFxLSdp,direct,3,12773,0.0403,1
run.VwFxLSdp,direct,4,8706,0.0364,1
run.VwFxLSdp,direct,5,0,0.0408,1
run.VwFxLSdp,auto,1,0,0.1411,1
run.VwFxLSdp,auto,2,0,0.0359,1
run.VwFxLSdp,auto,3,0,0.0271,1
run.VwFxLSdp,auto,4,0,0.0349,1
run.VwFxLSdp,auto,5,0,0.0566,1
run.evObSvPG,direct,1,25901,0.0903,1
run.evObSvPG,direct,2,10619,0.0381,1
run.evObSvPG,direct,3,12773,0.0405,1
run.evObSvPG,direct,4,8706,0.0364,1
run.evObSvPG,direct,5,0,0.0287,1
run.evObSvPG,auto,1,0,0.3135,1
run.evObSvPG,auto,2,2237,0.0617,1
run.evObSvPG,auto,3,0,0.0359,1
run.evObSvPG,auto,4,443,0.0492,1
run.evObSvPG,auto,5,0,0.0411,1
run.gyiPA7Zl,direct,1,25901,0.1008,1
run.gyiPA7Zl,direct,2,0,0.0306,1
run.gyiPA7Zl,direct,3,0,0.0230,1
run.gyiPA7Zl,direct,4,0,0.0244,1
run.gyiPA7Zl,direct,5,0,0.0268,1
run.gyiPA7Zl,auto,1,0,0.1514,1
run.gyiPA7Zl,auto,2,2585,0.0492,1
run.gyiPA7Zl,auto,3,0,0.0303,1
run.gyiPA7Zl,auto,4,0,0.0319,1
run.gyiPA7Zl,auto,5,369,0.1245,1
run.hiusl6C9,direct,1,25901,0.1023,1
run.hiusl6C9,direct,2,10619,0.0436,1
run.hiusl6C9,direct,3,12773,0.0403,1
run.hiusl6C9,direct,4,8706,0.0366,1
run.hiusl6C9,direct,5,0,0.0324,1
run.hiusl6C9,auto,1,0,0.2026,1
run.hiusl6C9,auto,2,3095,0.0716,1
run.hiusl6C9,auto,3,433,0.0457,1
run.hiusl6C9,auto,4,379,0.0458,1
run.hiusl6C9,auto,5,369,0.1159,1
run.mbEyjHmy,direct,1,25901,0.1019,1
run.mbEyjHmy,direct,2,10619,0.0439,1
run.mbEyjHmy,direct,3,12773,0.0409,1
run.mbEyjHmy,direct,4,8706,0.0368,1
run.mbEyjHmy,direct,5,0,0.0382,1
run.mbEyjHmy,auto,1,0,0.1736,1
run.mbEyjHmy,auto,2,0,0.0383,1
run.mbEyjHmy,auto,3,0,0.0328,1
run.mbEyjHmy,auto,4,0,0.0343,1
run.mbEyjHmy,auto,5,369,0.1704,1
run.p917Mmnp,direct,1,25901,0.0989,1
run.p917Mmnp,direct,2,10619,0.0539,1
run.p917Mmnp,direct,3,12773,0.0406,1
run.p917Mmnp,direct,4,8706,0.0366,1
run.p917Mmnp,direct,5,0,0.0324,1
run.p917Mmnp,auto,1,0,0.1510,1
run.p917Mmnp,auto,2,0,0.0425,1
run.p917Mmnp,auto,3,0,0.0369,1
run.p917Mmnp,auto,4,0,0.0451,1
run.p917Mmnp,auto,5,369,0.0677,1
run.qNK33FOQ,direct,1,25901,0.1061,1
run.qNK33FOQ,direct,2,10619,0.0456,1
run.qNK33FOQ,direct,3,12773,0.0412,1
run.qNK33FOQ,direct,4,8706,0.0376,1
run.qNK33FOQ,direct,5,0,0.0335,1
run.qNK33FOQ,auto,1,0,0.1350,1
run.qNK33FOQ,auto,2,0,0.0339,1
run.qNK33FOQ,auto,3,0,0.0297,1
run.qNK33FOQ,auto,4,598,0.0412,1
run.qNK33FOQ,auto,5,0,0.0825,1
run.sM7k6XGD,direct,1,25901,0.1110,1
run.sM7k6XGD,direct,2,10619,0.0587,1
run.sM7k6XGD,direct,3,12773,0.0411,1
run.sM7k6XGD,direct,4,8706,0.0371,1
run.sM7k6XGD,direct,5,0,0.0424,1
run.sM7k6XGD,auto,1,0,0.1880,1
run.sM7k6XGD,auto,2,2802,0.0559,1
run.sM7k6XGD,auto,3,1773,0.0614,1
run.sM7k6XGD,auto,4,1378,0.0493,1
run.sM7k6XGD,auto,5,2717,0.1403,1
