run,case,mode,parent_no_read,reason
run.NckO7koy,auto-bulk-facts,auto,absent,
run.NckO7koy,auto-bulk-facts,haiku,pass,
run.NckO7koy,auto-bulk-facts,sonnet,absent,
run.NckO7koy,auto-explicit-multifile,auto,absent,
run.NckO7koy,auto-explicit-multifile,haiku,absent,
run.NckO7koy,auto-explicit-multifile,sonnet,absent,
run.NckO7koy,auto-one-line,auto,absent,
run.NckO7koy,auto-one-line,haiku,absent,
run.NckO7koy,auto-one-line,sonnet,absent,
run.NckO7koy,auto-routing-boundary-16k-plus,auto,absent,
run.NckO7koy,compare-bulk-facts,auto,pass,
run.NckO7koy,compare-bulk-facts,haiku,pass,
run.NckO7koy,compare-bulk-facts,sonnet,pass,
run.NckO7koy,compare-explicit-multifile,auto,pass,
run.NckO7koy,compare-explicit-multifile,haiku,pass,
run.NckO7koy,compare-explicit-multifile,sonnet,pass,
run.NckO7koy,compare-one-line,auto,pass,
run.NckO7koy,compare-one-line,haiku,pass,
run.NckO7koy,compare-one-line,sonnet,pass,
run.NckO7koy,reader-batch-ambiguous,auto,pass,
run.NckO7koy,reader-batch-evidence,auto,pass,
run.NckO7koy,reader-bounds,auto,pass,
run.NckO7koy,retry-policy,auto,pass,
run.mnVnW1FU,auto-bulk-facts,auto,pass,
run.mnVnW1FU,auto-bulk-facts,haiku,pass,
run.mnVnW1FU,auto-bulk-facts,sonnet,pass,
run.mnVnW1FU,auto-explicit-multifile,auto,pass,
run.mnVnW1FU,auto-explicit-multifile,haiku,FAIL,parent_no_read: parent Read succeeded on /home/dev/projects/skills/token-shunt/evals/compare/tmp/runs/run.mnVnW1FU/work/fixtures/rails/app/models/concerns/notifiable.rb; parent_no_read: parent Read succeeded on /home/dev/projects/skills/token-shunt/evals/compare/tmp/runs/run.mnVnW1FU/work/fixtures/rails/app/jobs/welcome_email_job.rb
run.mnVnW1FU,auto-explicit-multifile,sonnet,FAIL,parent_no_read: parent Read succeeded on /home/dev/projects/skills/token-shunt/evals/compare/tmp/runs/run.mnVnW1FU/work/fixtures/rails/app/models/concerns/notifiable.rb; parent_no_read: parent Read succeeded on /home/dev/projects/skills/token-shunt/evals/compare/tmp/runs/run.mnVnW1FU/work/fixtures/rails/app/jobs/welcome_email_job.rb
run.mnVnW1FU,auto-one-line,auto,pass,
run.mnVnW1FU,auto-one-line,haiku,pass,
run.mnVnW1FU,auto-one-line,sonnet,pass,
run.mnVnW1FU,auto-routing-boundary-16k-plus,auto,pass,
run.mnVnW1FU,compare-bulk-facts,auto,pass,
run.mnVnW1FU,compare-bulk-facts,haiku,pass,
run.mnVnW1FU,compare-bulk-facts,sonnet,pass,
run.mnVnW1FU,compare-explicit-multifile,auto,pass,
run.mnVnW1FU,compare-explicit-multifile,haiku,pass,
run.mnVnW1FU,compare-explicit-multifile,sonnet,pass,
run.mnVnW1FU,compare-one-line,auto,pass,
run.mnVnW1FU,compare-one-line,haiku,pass,
run.mnVnW1FU,compare-one-line,sonnet,pass,
run.mnVnW1FU,reader-batch-ambiguous,auto,pass,
run.mnVnW1FU,reader-batch-evidence,auto,pass,
run.mnVnW1FU,reader-bounds,auto,pass,
run.mnVnW1FU,retry-policy,auto,pass,
