run,mode,path,shape,any_denied_read,parent_agent_calls,agents_carrying_path
run.8m9W92vb,haiku,notifiable.rb,read-and-never-delegated,False,0,0
run.8m9W92vb,haiku,user.rb,read-and-never-delegated,False,0,0
run.8m9W92vb,haiku,welcome_email_job.rb,read-and-never-delegated,False,0,0
run.DJlYi58l,auto,notifiable.rb,read-and-never-delegated,False,0,0
run.DJlYi58l,auto,welcome_email_job.rb,read-and-never-delegated,False,0,0
run.EcyVwZGT,auto,notifiable.rb,read-and-never-delegated,False,1,0
run.EcyVwZGT,auto,welcome_email_job.rb,read-and-never-delegated,False,1,0
run.GjkiNSPa,auto,notifiable.rb,read-and-never-delegated,False,1,0
run.GjkiNSPa,auto,welcome_email_job.rb,read-and-never-delegated,False,1,0
run.WYiYiQXm,haiku,notifiable.rb,read-and-never-delegated,False,0,0
run.WYiYiQXm,haiku,user.rb,read-and-never-delegated,False,0,0
run.WYiYiQXm,haiku,welcome_email_job.rb,read-and-never-delegated,False,0,0
run.dRik7ry4,haiku,notifiable.rb,read-and-never-delegated,False,0,0
run.dRik7ry4,haiku,user.rb,read-and-never-delegated,False,0,0
run.dRik7ry4,haiku,welcome_email_job.rb,read-and-never-delegated,False,0,0
run.e3l38SW8,auto,notifiable.rb,read-and-never-delegated,False,1,0
run.e3l38SW8,auto,welcome_email_job.rb,read-and-never-delegated,False,1,0
run.e3l38SW8,haiku,notifiable.rb,read-after-delegating,False,1,1
run.e3l38SW8,haiku,welcome_email_job.rb,read-after-delegating,False,1,1
run.g2PbZgam,auto,notifiable.rb,read-and-never-delegated,False,1,0
run.g2PbZgam,auto,welcome_email_job.rb,read-and-never-delegated,False,1,0
run.g2PbZgam,sonnet,notifiable.rb,read-before-delegating,False,1,1
run.g2PbZgam,sonnet,welcome_email_job.rb,read-before-delegating,False,1,1
run.lBh0g7at,sonnet,notifiable.rb,read-and-never-delegated,False,0,0
run.lBh0g7at,sonnet,user.rb,read-and-never-delegated,False,0,0
run.lBh0g7at,sonnet,welcome_email_job.rb,read-and-never-delegated,False,0,0
run.xpbQT8n5,auto,notifiable.rb,read-after-delegating,False,1,1
run.xpbQT8n5,auto,welcome_email_job.rb,read-after-delegating,False,1,1
run.xpbQT8n5,sonnet,notifiable.rb,read-and-never-delegated,False,0,0
run.xpbQT8n5,sonnet,user.rb,read-and-never-delegated,False,0,0
run.xpbQT8n5,sonnet,welcome_email_job.rb,read-and-never-delegated,False,0,0
