run,case,mode,parent_no_read,cost_usd
run.WorMH003,auto-explicit-multifile,auto,pass,0.1198
run.WorMH003,auto-explicit-multifile,haiku,pass,0.1043
run.WorMH003,auto-explicit-multifile,sonnet,pass,0.1670
run.SnmeXL6o,auto-explicit-multifile,auto,pass,0.1433
run.SnmeXL6o,auto-explicit-multifile,haiku,pass,0.1081
run.SnmeXL6o,auto-explicit-multifile,sonnet,pass,0.1601
run.e3l38SW8,auto-explicit-multifile,auto,FAIL,0.1045
run.e3l38SW8,auto-explicit-multifile,haiku,FAIL,0.1388
run.e3l38SW8,auto-explicit-multifile,sonnet,pass,0.1712
run.WYiYiQXm,auto-explicit-multifile,auto,pass,0.1085
run.WYiYiQXm,auto-explicit-multifile,haiku,FAIL,0.1007
run.WYiYiQXm,auto-explicit-multifile,sonnet,pass,0.1967
run.xpbQT8n5,auto-explicit-multifile,auto,FAIL,0.1233
run.xpbQT8n5,auto-explicit-multifile,haiku,pass,0.1044
run.xpbQT8n5,auto-explicit-multifile,sonnet,FAIL,0.1267
run.dRik7ry4,auto-explicit-multifile,auto,pass,0.1278
run.dRik7ry4,auto-explicit-multifile,haiku,FAIL,0.1045
run.dRik7ry4,auto-explicit-multifile,sonnet,pass,0.1633
run.TaiA8XtB,auto-explicit-multifile,auto,pass,0.1088
run.TaiA8XtB,auto-explicit-multifile,haiku,pass,0.1058
run.TaiA8XtB,auto-explicit-multifile,sonnet,pass,0.1520
run.EcyVwZGT,auto-explicit-multifile,auto,FAIL,0.1309
run.EcyVwZGT,auto-explicit-multifile,haiku,pass,0.1011
run.EcyVwZGT,auto-explicit-multifile,sonnet,pass,0.1682
run.GjkiNSPa,auto-explicit-multifile,auto,FAIL,0.1010
run.GjkiNSPa,auto-explicit-multifile,haiku,pass,0.1441
run.GjkiNSPa,auto-explicit-multifile,sonnet,pass,0.1670
run.DJlYi58l,auto-explicit-multifile,auto,FAIL,0.0946
run.DJlYi58l,auto-explicit-multifile,haiku,pass,0.1148
run.DJlYi58l,auto-explicit-multifile,sonnet,pass,0.1950
run.U964Hobu,auto-explicit-multifile,auto,pass,0.1043
run.U964Hobu,auto-explicit-multifile,haiku,pass,0.1264
run.U964Hobu,auto-explicit-multifile,sonnet,pass,0.1581
run.3MCgOaTW,auto-explicit-multifile,auto,pass,0.1161
run.3MCgOaTW,auto-explicit-multifile,haiku,pass,0.1115
run.3MCgOaTW,auto-explicit-multifile,sonnet,pass,0.1688
run.ZvHv5Cil,auto-explicit-multifile,auto,pass,0.0984
run.ZvHv5Cil,auto-explicit-multifile,haiku,pass,0.1039
run.ZvHv5Cil,auto-explicit-multifile,sonnet,pass,0.1736
run.2Z5Sz9My,auto-explicit-multifile,auto,pass,0.1221
run.2Z5Sz9My,auto-explicit-multifile,haiku,pass,0.1226
run.2Z5Sz9My,auto-explicit-multifile,sonnet,pass,0.1750
run.lBh0g7at,auto-explicit-multifile,auto,pass,0.1072
run.lBh0g7at,auto-explicit-multifile,haiku,pass,0.1134
run.lBh0g7at,auto-explicit-multifile,sonnet,FAIL,0.0940
run.8m9W92vb,auto-explicit-multifile,auto,pass,0.1528
run.8m9W92vb,auto-explicit-multifile,haiku,FAIL,0.1074
run.8m9W92vb,auto-explicit-multifile,sonnet,pass,0.1697
run.iDGS12w1,auto-explicit-multifile,auto,pass,0.1110
run.iDGS12w1,auto-explicit-multifile,haiku,pass,0.1310
run.iDGS12w1,auto-explicit-multifile,sonnet,pass,0.1562
run.TSCI4PBD,auto-explicit-multifile,auto,pass,0.1082
run.TSCI4PBD,auto-explicit-multifile,haiku,pass,0.1064
run.TSCI4PBD,auto-explicit-multifile,sonnet,pass,0.1759
run.g2PbZgam,auto-explicit-multifile,auto,FAIL,0.1095
run.g2PbZgam,auto-explicit-multifile,haiku,pass,0.1015
run.g2PbZgam,auto-explicit-multifile,sonnet,FAIL,0.1999
run.Yn0MSSxO,auto-explicit-multifile,auto,pass,0.1409
run.Yn0MSSxO,auto-explicit-multifile,haiku,pass,0.1056
run.Yn0MSSxO,auto-explicit-multifile,sonnet,pass,0.1883
