run,conversation,source,sources,session_id,parent,agent_id,agent_type,file_path,reads,covered,total,coverage,overlap,segments,full_file_reads,total_changed,impossible
run.2gXhO3lK,multiturn-context-2026-09-18-transcripts/django-multiturn-context,django-multiturn-context.auto.jsonl.turn2.jsonl,1,de660d81-fec6-43b4-9b55-1fa561eaf4c3,True,,,/tmp/ts-multiturn/evals/compare/tmp/runs/run.2gXhO3lK/work/fixtures/django/django/db/migrations/migration.py,1,240,240,1.0,0,1,1,False,False
run.2gXhO3lK,multiturn-context-2026-09-18-transcripts/django-multiturn-context,django-multiturn-context.auto.jsonl.turn4.jsonl,1,de660d81-fec6-43b4-9b55-1fa561eaf4c3,True,,,/tmp/ts-multiturn/evals/compare/tmp/runs/run.2gXhO3lK/work/fixtures/django/django/db/migrations/operations/special.py,1,212,212,1.0,0,1,1,False,False
run.2gXhO3lK,multiturn-context-2026-09-18-transcripts/django-multiturn-context,django-multiturn-context.auto.jsonl.turn3.jsonl,1,de660d81-fec6-43b4-9b55-1fa561eaf4c3,True,,,/tmp/ts-multiturn/evals/compare/tmp/runs/run.2gXhO3lK/work/fixtures/django/django/db/migrations/writer.py,1,317,317,1.0,0,1,1,False,False
run.B8fdHRZY,subthreshold-routing-2026-09-18-transcripts/django-subthreshold-bare,django-subthreshold-bare.auto.jsonl,1,3559e1b4-d1d6-488f-aa9f-c23baf123967,True,,,/tmp/ts-sub/evals/compare/tmp/runs/run.B8fdHRZY/work/fixtures/django/django/core/management/commands/showmigrations.py,1,178,178,1.0,0,1,1,False,False
run.B8fdHRZY,subthreshold-routing-2026-09-18-transcripts/django-subthreshold-bare,django-subthreshold-bare.auto.jsonl,1,3559e1b4-d1d6-488f-aa9f-c23baf123967,True,,,/tmp/ts-sub/evals/compare/tmp/runs/run.B8fdHRZY/work/fixtures/django/django/db/migrations/graph.py,1,334,334,1.0,0,1,1,False,False
run.B8fdHRZY,subthreshold-routing-2026-09-18-transcripts/django-subthreshold-bare,django-subthreshold-bare.auto.jsonl,1,3559e1b4-d1d6-488f-aa9f-c23baf123967,True,,,/tmp/ts-sub/evals/compare/tmp/runs/run.B8fdHRZY/work/fixtures/django/django/db/migrations/recorder.py,1,112,112,1.0,0,1,1,False,False
run.L1DqGoOV,multiturn-context-2026-09-18-transcripts/django-multiturn-context,django-multiturn-context.auto.jsonl.turn4.jsonl,1,c04969b3-2354-46bf-ada9-374b96ddcb98,True,,,/tmp/ts-multiturn/evals/compare/tmp/runs/run.L1DqGoOV/work/fixtures/django/django/db/migrations/operations/special.py,2,110,212,0.5188679245283019,0,2,0,False,False
run.sM7k6XGD,multiturn-context-2026-09-18-transcripts/django-multiturn-context,django-multiturn-context.auto.jsonl.turn2.jsonl;django-multiturn-context.auto.jsonl.turn5.jsonl,2,5b7cadb9-a6e7-4efc-93a7-7b71160d4dab,True,,,/tmp/ts-multiturn/evals/compare/tmp/runs/run.sM7k6XGD/work/fixtures/django/django/db/migrations/migration.py,2,100,240,0.4166666666666667,0,1,0,False,False
run.hiusl6C9,multiturn-context-2026-09-18-transcripts/django-multiturn-context,django-multiturn-context.auto.jsonl.turn2.jsonl,1,5d30cba5-caff-4098-ba68-442364be952d,True,,,/tmp/ts-multiturn/evals/compare/tmp/runs/run.hiusl6C9/work/fixtures/django/django/db/migrations/migration.py,1,60,240,0.25,0,1,0,False,False
run.L1DqGoOV,multiturn-context-2026-09-18-transcripts/django-multiturn-context,django-multiturn-context.auto.jsonl.turn2.jsonl,1,c04969b3-2354-46bf-ada9-374b96ddcb98,True,,,/tmp/ts-multiturn/evals/compare/tmp/runs/run.L1DqGoOV/work/fixtures/django/django/db/migrations/migration.py,1,50,240,0.20833333333333334,0,1,0,False,False
run.gyiPA7Zl,multiturn-context-2026-09-18-transcripts/django-multiturn-context,django-multiturn-context.auto.jsonl.turn2.jsonl,1,83a7b3a8-3ef3-4ce9-91f1-a4854081e2b0,True,,,/tmp/ts-multiturn/evals/compare/tmp/runs/run.gyiPA7Zl/work/fixtures/django/django/db/migrations/migration.py,1,50,240,0.20833333333333334,0,1,0,False,False
run.sM7k6XGD,multiturn-context-2026-09-18-transcripts/django-multiturn-context,django-multiturn-context.auto.jsonl.turn4.jsonl,1,5b7cadb9-a6e7-4efc-93a7-7b71160d4dab,True,,,/tmp/ts-multiturn/evals/compare/tmp/runs/run.sM7k6XGD/work/fixtures/django/django/db/migrations/operations/special.py,1,40,212,0.18867924528301888,0,1,0,False,False
run.evObSvPG,multiturn-context-2026-09-18-transcripts/django-multiturn-context,django-multiturn-context.auto.jsonl.turn2.jsonl,1,5fc15c8f-9639-40ce-8eb7-9abb31e5c3ea,True,,,/tmp/ts-multiturn/evals/compare/tmp/runs/run.evObSvPG/work/fixtures/django/django/db/migrations/migration.py,1,45,240,0.1875,0,1,0,False,False
run.sM7k6XGD,multiturn-context-2026-09-18-transcripts/django-multiturn-context,django-multiturn-context.auto.jsonl.turn3.jsonl,1,5b7cadb9-a6e7-4efc-93a7-7b71160d4dab,True,,,/tmp/ts-multiturn/evals/compare/tmp/runs/run.sM7k6XGD/work/fixtures/django/django/db/migrations/writer.py,1,40,317,0.12618296529968454,0,1,0,False,False
run.UWDv1roq,multiturn-context-2026-09-18-transcripts/django-multiturn-context,django-multiturn-context.auto.jsonl.turn3.jsonl,1,d74e03ea-9ddd-44de-bcf1-8585c75ffc73,True,,,/tmp/ts-multiturn/evals/compare/tmp/runs/run.UWDv1roq/work/fixtures/django/django/db/migrations/writer.py,1,30,317,0.0946372239747634,0,1,0,False,False
run.8bpx1reV,run.8bpx1reV/django-multiturn-context,django-multiturn-context.auto.jsonl.turn3.jsonl,1,568daeca-e906-440a-802b-0a3a584f5529,True,,,/home/dev/wt/ts-read-coverage/evals/compare/tmp/runs/run.8bpx1reV/work/fixtures/django/django/db/migrations/writer.py,1,30,317,0.0946372239747634,0,1,0,False,False
run.qNK33FOQ,multiturn-context-2026-09-18-transcripts/django-multiturn-context,django-multiturn-context.auto.jsonl.turn4.jsonl,1,59fff015-a2e4-4ebf-a3f2-4b8022022d0f,True,,,/tmp/ts-multiturn/evals/compare/tmp/runs/run.qNK33FOQ/work/fixtures/django/django/db/migrations/operations/special.py,1,15,212,0.07075471698113207,0,1,0,False,False
run.evObSvPG,multiturn-context-2026-09-18-transcripts/django-multiturn-context,django-multiturn-context.auto.jsonl.turn4.jsonl,1,5fc15c8f-9639-40ce-8eb7-9abb31e5c3ea,True,,,/tmp/ts-multiturn/evals/compare/tmp/runs/run.evObSvPG/work/fixtures/django/django/db/migrations/operations/special.py,1,12,212,0.05660377358490566,0,1,0,False,False
run.hiusl6C9,multiturn-context-2026-09-18-transcripts/django-multiturn-context,django-multiturn-context.auto.jsonl.turn3.jsonl,1,5d30cba5-caff-4098-ba68-442364be952d,True,,,/tmp/ts-multiturn/evals/compare/tmp/runs/run.hiusl6C9/work/fixtures/django/django/db/migrations/writer.py,1,15,317,0.0473186119873817,0,1,0,False,False
run.BlFx27pa,multiturn-context-2026-09-18-transcripts/django-multiturn-context,django-multiturn-context.auto.jsonl.turn4.jsonl,1,770569ae-712f-4c92-b12a-3ce04bea907c,True,,,/tmp/ts-multiturn/evals/compare/tmp/runs/run.BlFx27pa/work/fixtures/django/django/db/migrations/operations/special.py,1,10,212,0.04716981132075472,0,1,0,False,False
run.UWDv1roq,multiturn-context-2026-09-18-transcripts/django-multiturn-context,django-multiturn-context.auto.jsonl.turn4.jsonl,1,d74e03ea-9ddd-44de-bcf1-8585c75ffc73,True,,,/tmp/ts-multiturn/evals/compare/tmp/runs/run.UWDv1roq/work/fixtures/django/django/db/migrations/operations/special.py,1,10,212,0.04716981132075472,0,1,0,False,False
run.hiusl6C9,multiturn-context-2026-09-18-transcripts/django-multiturn-context,django-multiturn-context.auto.jsonl.turn4.jsonl,1,5d30cba5-caff-4098-ba68-442364be952d,True,,,/tmp/ts-multiturn/evals/compare/tmp/runs/run.hiusl6C9/work/fixtures/django/django/db/migrations/operations/special.py,1,10,212,0.04716981132075472,0,1,0,False,False
run.FUjNlKA7,multiturn-context-2026-09-18-transcripts/django-multiturn-context,django-multiturn-context.auto.jsonl.turn4.jsonl,1,d019fda3-ec1d-401e-ac4a-037d3e5a42bb,True,,,/tmp/ts-multiturn/evals/compare/tmp/runs/run.FUjNlKA7/work/fixtures/django/django/db/migrations/operations/special.py,1,6,212,0.02830188679245283,0,1,0,False,False
run.LWkKswLK,run.LWkKswLK/auto-edit-grep-location,auto-edit-grep-location.auto.jsonl,1,d1a36d92-3b41-4142-b9c5-0e0e60eed8bf,True,,,/home/dev/wt/ts-read-coverage/evals/compare/tmp/runs/run.LWkKswLK/work/fixtures/gen/edit_hint.py,1,5,401,0.012468827930174564,0,1,0,False,False
