run,case,direct_read_bytes,auto_read_bytes,direct_cost_usd,auto_cost_usd,direct_accuracy,auto_accuracy,direct_pass,auto_pass,auto_reasons
run.1Hi8Wx8z,django-subthreshold-cost,25901,0,0.0992,0.1565,1,1,1,1,
run.2esIbpIc,django-subthreshold-cost,25901,0,0.0986,0.1853,1,1,1,1,
run.7lXdnQAm,django-subthreshold-cost,25901,0,0.0992,0.1845,1,1,1,0,child_msg_cap: agent result 4304 chars > 4000
run.8D4rlHam,django-subthreshold-cost,25901,0,0.1050,0.1459,1,1,1,1,
run.A3bAnx2t,django-subthreshold-cost,25901,0,0.0897,0.1399,1,1,1,1,
run.BxVuqESi,django-subthreshold-cost,25901,0,0.1007,0.1306,1,1,1,1,
run.F3e7rHkH,django-subthreshold-cost,25901,0,0.0898,0.1746,1,1,1,1,
run.If4riePD,django-subthreshold-cost,25901,0,0.0968,0.1349,1,1,1,1,
run.KcQwo2EH,django-subthreshold-cost,25901,0,0.0951,0.1430,1,1,1,0,child_msg_cap: agent result 4301 chars > 4000
run.LzD4LMHQ,django-subthreshold-cost,25901,0,0.1040,0.1885,1,1,1,1,
run.MVTAsLKt,django-subthreshold-cost,25901,0,0.1089,0.1609,1,1,1,0,child_msg_cap: agent result 4738 chars > 4000
run.NPuU0z6A,django-subthreshold-cost,25901,0,0.0899,0.1358,1,1,1,1,
run.NXQaYmAd,django-subthreshold-cost,25901,0,0.0916,0.1755,1,1,1,1,
run.QIn0oNkg,django-subthreshold-cost,25901,0,0.1048,0.1743,1,1,1,1,
run.R6GCjOSW,django-subthreshold-cost,25901,0,0.0977,0.1431,1,1,1,1,
run.RD9O4LNI,django-subthreshold-cost,25901,0,0.0947,0.1647,1,1,1,1,
run.VtMrJBSI,django-subthreshold-cost,25901,0,0.0989,0.1377,1,1,1,1,
run.XEvGQraU,django-subthreshold-cost,25901,0,0.1001,0.1339,1,1,1,1,
run.Xst2jt1G,django-subthreshold-cost,25901,0,0.0921,0.1446,1,1,1,1,
run.azevMjZY,django-subthreshold-cost,25901,0,0.1018,0.1689,1,1,1,1,
run.bD9ibJ4z,django-subthreshold-cost,25901,0,0.1096,0.1794,1,1,1,0,child_msg_cap: agent result 5086 chars > 4000
run.c7IWaIpa,django-subthreshold-cost,25901,0,0.0955,0.1745,1,1,1,1,
run.f6F7JTHs,django-subthreshold-cost,25901,0,0.0899,0.1233,1,1,1,1,
run.gpcQz8Ia,django-subthreshold-cost,25901,0,0.1016,0.1791,1,1,1,0,child_msg_cap: agent result 6634 chars > 4000
run.jSVx3yom,django-subthreshold-cost,25901,364,0.1141,0.1999,1,1,1,1,
run.jVspyj2N,django-subthreshold-cost,25901,0,0.1040,0.1461,1,1,1,0,child_msg_cap: agent result 4046 chars > 4000
run.jkZFgwv1,django-subthreshold-cost,25901,0,0.0962,0.1722,1,1,1,1,
run.k68qI3yg,django-subthreshold-cost,25901,364,0.0951,0.1651,1,1,1,1,
run.kfawSY1b,django-subthreshold-cost,25901,0,0.0966,0.1661,1,1,1,1,
run.l2g6bSx5,django-subthreshold-cost,25901,0,0.0883,0.1613,1,1,1,1,
run.mp6AcaZe,django-subthreshold-cost,25901,0,0.0961,0.1505,1,1,1,0,child_msg_cap: agent result 4997 chars > 4000
run.rQpSGCzR,django-subthreshold-cost,25901,0,0.0981,0.2081,1,1,1,1,
run.rhenPGpi,django-subthreshold-cost,25901,0,0.0920,0.1585,1,1,1,1,
run.u2h1vJ8f,django-subthreshold-cost,25901,0,0.1004,0.1628,1,1,1,0,child_msg_cap: agent result 4410 chars > 4000
run.uT9TlF4P,django-subthreshold-cost,25901,0,0.1031,0.1715,1,1,1,0,child_msg_cap: agent result 4035 chars > 4000
run.uZLcKmxH,django-subthreshold-cost,25901,0,0.0916,0.1273,1,1,1,1,
run.vvDCknCL,django-subthreshold-cost,25901,0,0.1032,0.1212,1,1,1,1,
run.y7SxUQ6Q,django-subthreshold-cost,25901,0,0.0913,0.1527,1,1,1,1,
run.zVEos5md,django-subthreshold-cost,25901,0,0.1024,0.1386,1,1,1,1,
run.zWPdvLiE,django-subthreshold-cost,25901,0,0.1024,0.1501,1,1,1,0,child_reads_once: Agent toolu_013nTaSNSGJupzSXkFQoFnH2 must carry 1-3 explicit paths and stay within 6 Reads
